Organization,Designation,Division,District,Upazila,Employee,"Employee mobile",Email,"Organization contact"
"উপপরিচালকের কার্যালয়",উপপরিচালক,ঢাকা,ঢাকা,আদাবর,,,,
"উপজেলা মহিলা বিষয়ক কর্মকর্তার কার্যালয়,ধামরাই, ঢাকা।","উপজেলা মহিলা বিষয়ক কর্মকর্তা",ঢাকা,ঢাকা,ধামরাই,,,,"ধামরাই, ঢাকা।"
"উপজেলা মহিলা বিষয়ক কর্মকর্তার কার্যালয়,দোহার, ঢাকা।","উপজেলা মহিলা বিষয়ক কর্মকর্তা",ঢাকা,ঢাকা,দোহার,,,,"দোহার, ঢাকা।"
"উপজেলা মহিলা বিষয়ক কর্মকর্তার কার্যালয়,কেরানীগঞ্জ, ঢাকা","উপজেলা মহিলা বিষয়ক কর্মকর্তা",ঢাকা,ঢাকা,কেরানীগঞ্জ,,,,"কেরানীগঞ্জ, ঢাকা"
"উপজেলা মহিলা বিষয়ক কর্মকর্তার কার্যালয়,সাভার, ঢাকা।","উপজেলা মহিলা বিষয়ক কর্মকর্তা",ঢাকা,ঢাকা,সাভার,,,,"সাভার, ঢাকা।"
"উপপরিচালকের কার্যালয়",উপপরিচালক,ঢাকা,ফরিদপুর,আল্‌ফাডাঙ্গা,,,,
"উপজেলা মহিলা বিষয়ক কর্মকর্তার কার্যালয়,আলফাডাঙ্গা,ফরিদপুর,আলফাডাঙ্গা, ফরিদপুর।","উপজেলা মহিলা বিষয়ক কর্মকর্তা",ঢাকা,ফরিদপুর,আল্‌ফাডাঙ্গা,,,,"আলফাডাঙ্গা, ফরিদপুর।"
"উপজেলা মহিলা বিষয়ক কর্মকর্তার কার্যালয়,ভাঙ্গা, ফরিদপুর","উপজেলা মহিলা বিষয়ক কর্মকর্তা",ঢাকা,ফরিদপুর,ভাংগা,dwewew,015656565656,ss@yahoo.com,"ভাঙ্গা, ফরিদপুর"
"উপজেলা মহিলা বিষয়ক কর্মকর্তার কার্যালয়,বোয়ালমারী, ফরিদপুর","উপজেলা মহিলা বিষয়ক কর্মকর্তা",ঢাকা,ফরিদপুর,বোয়ালমারী,,,,"বোয়ালমারী, ফরিদপুর"
"উপজেলা মহিলা বিষয়ক কর্মকর্তার কার্যালয়,চরভ্রদাসন, ফরিদপুর","উপজেলা মহিলা বিষয়ক কর্মকর্তা",ঢাকা,ফরিদপুর,"চর ভদ্রাশন",,,,"চরভ্রদাসন, ফরিদপুর"
"উপজেলা মহিলা বিষয়ক কর্মকর্তার কার্যালয়,মধুখালী, ফরিদপুর","উপজেলা মহিলা বিষয়ক কর্মকর্তা",ঢাকা,ফরিদপুর,মধুখালী,,,,"মধুখালী, ফরিদপুর"
"উপজেলা মহিলা বিষয়ক কর্মকর্তার কার্যালয়,নগরকান্দা, ফরিদপুর","উপজেলা মহিলা বিষয়ক কর্মকর্তা",ঢাকা,ফরিদপুর,নগরকান্দা,,,,"নগরকান্দা, ফরিদপুর"
"উপজেলা মহিলা বিষয়ক কর্মকর্তার কার্যালয়,সালথা, ফরিদপুর","উপজেলা মহিলা বিষয়ক কর্মকর্তা",ঢাকা,ফরিদপুর,সালথা,,,,"সালথা, ফরিদপুর"
"উপপরিচালকের কার্যালয়",উপপরিচালক,ঢাকা,গাজীপুর,"গাজীপুর সদর",,,,
"উপজেলা মহিলা বিষয়ক কর্মকর্তার কার্যালয়,কালিয়াকৈর, গাজীপুর","উপজেলা মহিলা বিষয়ক কর্মকর্তা",ঢাকা,গাজীপুর,কালিয়াকৈর,,,,"কালিয়াকৈর, গাজীপুর"
"উপজেলা মহিলা বিষয়ক কর্মকর্তার কার্যালয়,কালিগঞ্জ, গাজীপুর","উপজেলা মহিলা বিষয়ক কর্মকর্তা",ঢাকা,গাজীপুর,কালিগঞ্জ,,,,"কালিগঞ্জ, গাজীপুর"
"উপজেলা মহিলা বিষয়ক কর্মকর্তার কার্যালয়,কালীগঞ্জ, গাজীপুর","উপজেলা মহিলা বিষয়ক কর্মকর্তা",ঢাকা,গাজীপুর,কালিগঞ্জ,,,,"উপজেলা মহিলা বিষয়ক কর্মকর্তার কার্যালয়,কালীগঞ্জ, গাজীপুর"
"উপজেলা মহিলা বিষয়ক কর্মকর্তার কার্যালয়,কাপাসিয়া, গাজীপুর","উপজেলা মহিলা বিষয়ক কর্মকর্তা",ঢাকা,গাজীপুর,কাপাসিয়া,,,,"কাপাসিয়া, গাজীপুর"
"উপজেলা মহিলা বিষয়ক কর্মকর্তার কার্যালয়,শ্রীপুর, গাজীপুর","উপজেলা মহিলা বিষয়ক কর্মকর্তা",ঢাকা,গাজীপুর,শ্রীপুর,,,,"শ্রীপুর, গাজীপুর"
"উপপরিচালকের কার্যালয়",উপপরিচালক,ঢাকা,গোপালগঞ্জ,"গোপালগঞ্জ সদর",,,,
"উপজেলা মহিলা বিষয়ক কর্মকর্তার কার্যালয়,কাশিয়ানী, গোপালগঞ্জ","উপজেলা মহিলা বিষয়ক কর্মকর্তা",ঢাকা,গোপালগঞ্জ,কাশিয়ানী,,,,"কাশিয়ানী, গোপালগঞ্জ"
"উপজেলা মহিলা বিষয়ক কর্মকর্তার কার্যালয়,কোটালীপাড়া, গোপালগঞ্জ‌","উপজেলা মহিলা বিষয়ক কর্মকর্তা",ঢাকা,গোপালগঞ্জ,কোটালিপাড়া,,,,"কোটালীপাড়া, গোপালগঞ্জ‌"
"উপজেলা মহিলা বিষয়ক কর্মকর্তার কার্যালয়,মুকসুদপুর, গোপালগঞ্জ","প্রোগ্রাম অফিসার",ঢাকা,গোপালগঞ্জ,মুকসুদপুর,,,,
"উপজেলা মহিলা বিষয়ক কর্মকর্তার কার্যালয়,মুকসুদপুর, গোপালগঞ্জ","উপজেলা মহিলা বিষয়ক কর্মকর্তা",ঢাকা,গোপালগঞ্জ,মুকসুদপুর,,,,"মুকসুদপুর, গোপালগঞ্জ"
"উপজেলা মহিলা বিষয়ক কর্মকর্তার কার্যালয়,টুংগীপাড়া, গোপালগঞ্জ","উপজেলা মহিলা বিষয়ক কর্মকর্তা",ঢাকা,গোপালগঞ্জ,টংগীপাড়া,,,,"টুংগীপাড়া, গোপালগঞ্জ"
"উপজেলা মহিলা বিষয়ক কর্মকর্তার কার্যালয়,অষ্টগ্রাম, কিশোরগঞ্জ","উপজেলা মহিলা বিষয়ক কর্মকর্তা",ঢাকা,কিশোরগঞ্জ,অষ্টগ্রাম,,,,"অষ্টগ্রাম, কিশোরগঞ্জ"
"উপপরিচালকের কার্যালয়",উপপরিচালক,ঢাকা,কিশোরগঞ্জ,অষ্টগ্রাম,,,,
"উপজেলা মহিলা বিষয়ক কর্মকর্তার কার্যালয়,বাজিতপুর, কিশোরগঞ্জ","উপজেলা মহিলা বিষয়ক কর্মকর্তা",ঢাকা,কিশোরগঞ্জ,বাজিতপুর,,,,"বাজিতপুর, কিশোরগঞ্জ"
"উপজেলা মহিলা বিষয়ক কর্মকর্তার কার্যালয়,ভৈরব, কিশোরগঞ্জ","উপজেলা মহিলা বিষয়ক কর্মকর্তা",ঢাকা,কিশোরগঞ্জ,ভৈরব,"আসমা খাতুন",015656565656,email@email.com,"ভৈরব, কিশোরগঞ্জ"
"উপজেলা মহিলা বিষয়ক কর্মকর্তার কার্যালয়,হোসেনপুর, কিশোরগঞ্জ","উপজেলা মহিলা বিষয়ক কর্মকর্তা",ঢাকা,কিশোরগঞ্জ,হোসেনপুর,,,,"হোসেনপুর, কিশোরগঞ্জ"
"উপজেলা মহিলা বিষয়ক কর্মকর্তার কার্যালয়,ইটনা, কিশোরগঞ্জ","উপজেলা মহিলা বিষয়ক কর্মকর্তা",ঢাকা,কিশোরগঞ্জ,ইটনা,,,,"ইটনা, কিশোরগঞ্জ"
"উপজেলা মহিলা বিষয়ক কর্মকর্তার কার্যালয়,করিমগঞ্জ, কিশোরগঞ্জ","উপজেলা মহিলা বিষয়ক কর্মকর্তা",ঢাকা,কিশোরগঞ্জ,করিমগঞ্জ,,,,"করিমগঞ্জ, কিশোরগঞ্জ"
"উপজেলা মহিলা বিষয়ক কর্মকর্তার কার্যালয়,কটিয়াদি, কিশোরগঞ্জ","উপজেলা মহিলা বিষয়ক কর্মকর্তা",ঢাকা,কিশোরগঞ্জ,কটিয়াদী,,,,"কটিয়াদি, কিশোরগঞ্জ"
"উপজেলা মহিলা বিষয়ক কর্মকর্তার কার্যালয়,কুলিয়ারচর, কিশোরগঞ্জ","উপজেলা মহিলা বিষয়ক কর্মকর্তা",ঢাকা,কিশোরগঞ্জ,"কুলিয়ার চর",,,,"কুলিয়ারচর, কিশোরগঞ্জ"
"উপজেলা মহিলা বিষয়ক কর্মকর্তার কার্যালয়,মিঠামইন, কিশোরগঞ্জ","উপজেলা মহিলা বিষয়ক কর্মকর্তা",ঢাকা,কিশোরগঞ্জ,মিঠামইন,,,,"মিঠামইন, কিশোরগঞ্জ"
"উপজেলা মহিলা বিষয়ক কর্মকর্তার কার্যালয়,নিকলী, কিশোরগঞ্জ","উপজেলা মহিলা বিষয়ক কর্মকর্তা",ঢাকা,কিশোরগঞ্জ,নিক্‌লী,,,,"নিকলী, কিশোরগঞ্জ"
"উপজেলা মহিলা বিষয়ক কর্মকর্তার কার্যালয়,পাকুন্দিয়া, কিশোরগঞ্জ","উপজেলা মহিলা বিষয়ক কর্মকর্তা",ঢাকা,কিশোরগঞ্জ,পাকুন্দিয়া,,,,"পাকুন্দিয়া, কিশোরগঞ্জ"
"উপজেলা মহিলা বিষয়ক কর্মকর্তার কার্যালয়,তাড়াইল, কিশোরগঞ্জ","উপজেলা মহিলা বিষয়ক কর্মকর্তা",ঢাকা,কিশোরগঞ্জ,তারাইল,,,,"তাড়াইল, কিশোরগঞ্জ"
"উপজেলা মহিলা বিষয়ক কর্মকর্তার কার্যালয়,কালকিনি, মাদারীপুর","উপজেলা মহিলা বিষয়ক কর্মকর্তা",ঢাকা,মাদারীপুর,কালকিনী,,,,"কালকিনি, মাদারীপুর"
"উপপরিচালকের কার্যালয়",উপপরিচালক,ঢাকা,মাদারীপুর,কালকিনী,,,,
"উপজেলা মহিলা বিষয়ক কর্মকর্তার কার্যালয়,রাজৈর, মাদারীপুর","উপজেলা মহিলা বিষয়ক কর্মকর্তা",ঢাকা,মাদারীপুর,রাজৈর,,,,"রাজৈর, মাদারীপুর"
"উপজেলা মহিলা বিষয়ক কর্মকর্তার কার্যালয়,শিবচর, মাদারীপুর","উপজেলা মহিলা বিষয়ক কর্মকর্তা",ঢাকা,মাদারীপুর,"শিব্‌ চর",,,,"শিবচর, মাদারীপুর"
"উপজেলা মহিলা বিষয়ক কর্মকর্তার কার্যালয়,দৌলতপুর, মানিকগঞ্জ","উপজেলা মহিলা বিষয়ক কর্মকর্তা",ঢাকা,মানিকগঞ্জ,দৌলতপুর,,,,"দৌলতপুর, মানিকগঞ্জ"
"উপপরিচালকের কার্যালয়",উপপরিচালক,ঢাকা,মানিকগঞ্জ,দৌলতপুর,,,,
"উপজেলা মহিলা বিষয়ক কর্মকর্তার কার্যালয়,ঘিওর, মানিকগঞ্জ","উপজেলা মহিলা বিষয়ক কর্মকর্তা",ঢাকা,মানিকগঞ্জ,ঘিওর,,,,"ঘিওর, মানিকগঞ্জ"
"উপজেলা মহিলা বিষয়ক কর্মকর্তার কার্যালয়,হরিরামপুর, মানিকগঞ্জ","উপজেলা মহিলা বিষয়ক কর্মকর্তা",ঢাকা,মানিকগঞ্জ,হরিরামপুর,,,,"হরিরামপুর, মানিকগঞ্জ"
"উপজেলা মহিলা বিষয়ক কর্মকর্তার কার্যালয়,সাটুরিয়া, মানিকগঞ্জ","উপজেলা মহিলা বিষয়ক কর্মকর্তা",ঢাকা,মানিকগঞ্জ,সাটুরিয়া,,,,"সাটুরিয়া, মানিকগঞ্জ"
"উপজেলা মহিলা বিষয়ক কর্মকর্তার কার্যালয়,শিবালয়, মানিকগঞ্জ","উপজেলা মহিলা বিষয়ক কর্মকর্তা",ঢাকা,মানিকগঞ্জ,শিবালয়,,,,"শিবালয়, মানিকগঞ্জ"
"উপজেলা মহিলা বিষয়ক কর্মকর্তার কার্যালয়,সিংগাইর, মানিকগঞ্জ","উপজেলা মহিলা বিষয়ক কর্মকর্তা",ঢাকা,মানিকগঞ্জ,শিংগাইর,,,,"সিংগাইর, মানিকগঞ্জ"
"উপজেলা মহিলা বিষয়ক কর্মকর্তার কার্যালয়,গজারিয়া,মুন্সীগঞ্জ","উপজেলা মহিলা বিষয়ক কর্মকর্তা",ঢাকা,মুন্সিগঞ্জ,গজারিয়া,,,,"গজারিয়া,মুন্সীগঞ্জ"
"উপপরিচালকের কার্যালয়",উপপরিচালক,ঢাকা,মুন্সিগঞ্জ,গজারিয়া,,,,
"উপজেলা মহিলা বিষয়ক কর্মকর্তার কার্যালয়,লৌহজং, মন্সিগঞ্জ","উপজেলা মহিলা বিষয়ক কর্মকর্তা",ঢাকা,মুন্সিগঞ্জ,লৌহজং,,,,"লৌহজং, মন্সিগঞ্জ"
"উপজেলা মহিলা বিষয়ক কর্মকর্তার কার্যালয়,সিরাজদিখান","উপজেলা মহিলা বিষয়ক কর্মকর্তা",ঢাকা,মুন্সিগঞ্জ,সিরাজদিখান,,,,সিরাজদিখান
"উপপরিচালকের কার্যালয়",উপপরিচালক,ঢাকা,মুন্সিগঞ্জ,সিরাজদিখান,,,,
"উপজেলা মহিলা বিষয়ক কর্মকর্তার কার্যালয়,শ্রীনগর, মুন্সিগঞ্জ","উপজেলা মহিলা বিষয়ক কর্মকর্তা",ঢাকা,মুন্সিগঞ্জ,শ্রীনগর,,,,"শ্রীনগর, মুন্সিগঞ্জ"
"উপজেলা মহিলা বিষয়ক কর্মকর্তার কার্যালয়,টঙ্গীবাড়ী, মুন্সিগঞ্জ","উপজেলা মহিলা বিষয়ক কর্মকর্তা",ঢাকা,মুন্সিগঞ্জ,টুঙ্গিবাড়ী,,,,"টঙ্গীবাড়ী, মুন্সিগঞ্জ"
"উপপরিচালকের কার্যালয়",উপপরিচালক,ঢাকা,নারায়ণগঞ্জ,আড়াইহাজার,,,,
"উপজেলা মহিলা বিষয়ক কর্মকর্তার কার্যালয়,আড়াইহাজার, নারায়নগঞ্জ","উপজেলা মহিলা বিষয়ক কর্মকর্তা",ঢাকা,নারায়ণগঞ্জ,আড়াইহাজার,,,,"আড়াইহাজার, নারায়নগঞ্জ"
"উপজেলা মহিলা বিষয়ক কর্মকর্তার কার্যালয়,সোনারগাঁও, নারায়নগঞ্জ","উপজেলা মহিলা বিষয়ক কর্মকর্তা",ঢাকা,নারায়ণগঞ্জ,সোনারগাঁও,,,,"সোনারগাঁও, নারায়নগঞ্জ"
"উপজেলা মহিলা বিষয়ক কর্মকর্তার কার্যালয়,বন্দর, নারায়নগঞ্জ","উপজেলা মহিলা বিষয়ক কর্মকর্তা",ঢাকা,নারায়ণগঞ্জ,বন্দর,,,,"বন্দর, নারায়নগঞ্জ"
"উপজেলা মহিলা বিষয়ক কর্মকর্তার কার্যালয়,রুপগঞ্জ, নারায়ণগঞ্জ","উপজেলা মহিলা বিষয়ক কর্মকর্তা",ঢাকা,নারায়ণগঞ্জ,রূপগঞ্জ,,,,"রুপগঞ্জ, নারায়ণগঞ্জ"
"উপপরিচালকের কার্যালয়",উপপরিচালক,ঢাকা,নরসিংদী,বেলাবো,,,,
"উপজেলা মহিলা বিষয়ক কর্মকর্তার কার্যালয়,বেলাবো, নরসিংদী","উপজেলা মহিলা বিষয়ক কর্মকর্তা",ঢাকা,নরসিংদী,বেলাবো,,,,"বেলাবো, নরসিংদী"
"উপজেলা মহিলা বিষয়ক কর্মকর্তার কার্যালয়,মনোহরদী, নরসিংদী","উপজেলা মহিলা বিষয়ক কর্মকর্তা",ঢাকা,নরসিংদী,মনোহরদী,,,,"মনোহরদী, নরসিংদী"
"উপজেলা মহিলা বিষয়ক কর্মকর্তার কার্যালয়,পলাশ, নরসিংদী","উপজেলা মহিলা বিষয়ক কর্মকর্তা",ঢাকা,নরসিংদী,পলাশ,,,,"পলাশ, নরসিংদী"
"উপজেলা মহিলা বিষয়ক কর্মকর্তার কার্যালয়,রায়পুরা, নরসিংদী","উপজেলা মহিলা বিষয়ক কর্মকর্তা",ঢাকা,নরসিংদী,রায়পুরা,,,,"রায়পুরা, নরসিংদী"
"উপজেলা মহিলা বিষয়ক কর্মকর্তার কার্যালয়,শিবপুর, নরসিংদী","উপজেলা মহিলা বিষয়ক কর্মকর্তা",ঢাকা,নরসিংদী,শিবপুর,,,,"শিবপুর, নরসিংদী"
"উপজেলা মহিলা বিষয়ক কর্মকর্তার কার্যালয়,বালিয়াকান্দি, রাজবাড়ী","উপজেলা মহিলা বিষয়ক কর্মকর্তা",ঢাকা,রাজবাড়ী,বালিয়াকান্দি,,,,"বালিয়াকান্দি, রাজবাড়ী"
"উপপরিচালকের কার্যালয়",উপপরিচালক,ঢাকা,রাজবাড়ী,বালিয়াকান্দি,,,,
"উপজেলা মহিলা বিষয়ক কর্মকর্তার কার্যালয়,পাংশা, রাজবাড়ী","উপজেলা মহিলা বিষয়ক কর্মকর্তা",ঢাকা,রাজবাড়ী,পাংশা,,,,"পাংশা, রাজবাড়ী"
"উপজেলা মহিলা বিষয়ক কর্মকর্তার কার্যালয়,ভেদরগঞ্জ, শরীয়তপুর","উপজেলা মহিলা বিষয়ক কর্মকর্তা",ঢাকা,শরীয়তপুর,ভেদরগঞ্জ,,,,"ভেদরগঞ্জ, শরীয়তপুর"
"উপপরিচালকের কার্যালয়",উপপরিচালক,ঢাকা,শরীয়তপুর,ভেদরগঞ্জ,,,,
"উপজেলা মহিলা বিষয়ক কর্মকর্তার কার্যালয়,ডামুড্যা, শরীয়তপুর","উপজেলা মহিলা বিষয়ক কর্মকর্তা",ঢাকা,শরীয়তপুর,ডামুড্যা,,,,"ডামুড্যা, শরীয়তপুর"
"উপজেলা মহিলা বিষয়ক কর্মকর্তার কার্যালয়,গোসাইরহাট, শয়ীরতপুর","উপজেলা মহিলা বিষয়ক কর্মকর্তা",ঢাকা,শরীয়তপুর,গোসাইরহাট,,,,"গোসাইরহাট, শয়ীরতপুর"
"উপজেলা মহিলা বিষয়ক কর্মকর্তার কার্যালয়,নড়িয়া, শরীয়তপুর","উপজেলা মহিলা বিষয়ক কর্মকর্তা",ঢাকা,শরীয়তপুর,নড়িয়া,,,,"নড়িয়া, শরীয়তপুর"
"উপজেলা মহিলা বিষয়ক কর্মকর্তার কার্যালয়,জাজিরা, শরীয়তপুর","উপজেলা মহিলা বিষয়ক কর্মকর্তা",ঢাকা,শরীয়তপুর,জাজিরা,,,,"জাজিরা, শরীয়তপুর"
"উপজেলা মহিলা বিষয়ক কর্মকর্তার কার্যালয়,বাসাইল, টাঙ্গাইল","উপজেলা মহিলা বিষয়ক কর্মকর্তা",ঢাকা,টাঙ্গাইল,বাসাইল,,,,"বাসাইল, টাঙ্গাইল"
"উপজেলা মহিলা বিষয়ক কর্মকর্তার কার্যালয়,ভূয়াপুর, টাঙ্গাইল","উপজেলা মহিলা বিষয়ক কর্মকর্তা",ঢাকা,টাঙ্গাইল,ভূঞাপুর,,,,"ভূয়াপুর, টাঙ্গাইল"
"উপজেলা মহিলা বিষয়ক কর্মকর্তার কার্যালয়,দেলদুয়ার, টাঙ্গাইল","উপজেলা মহিলা বিষয়ক কর্মকর্তা",ঢাকা,টাঙ্গাইল,দেলদুয়ার,,,,"দেলদুয়ার, টাঙ্গাইল"
"উপজেলা মহিলা বিষয়ক কর্মকর্তার কার্যালয়,ধনবাড়ি, টাঙ্গাইল","উপজেলা মহিলা বিষয়ক কর্মকর্তা",ঢাকা,টাঙ্গাইল,ধনবাড়ী,,,,"ধনবাড়ি, টাঙ্গাইল"
"উপজেলা মহিলা বিষয়ক কর্মকর্তার কার্যালয়,ঘাটাইল, টাঙ্গাইল","উপজেলা মহিলা বিষয়ক কর্মকর্তা",ঢাকা,টাঙ্গাইল,ঘাটাইল,,,,"ঘাটাইল, টাঙ্গাইল"
"উপজেলা মহিলা বিষয়ক কর্মকর্তার কার্যালয়,গোপালপুর, টাঙ্গাইল","উপজেলা মহিলা বিষয়ক কর্মকর্তা",ঢাকা,টাঙ্গাইল,গোপালপুর,,,,"গোপালপুর, টাঙ্গাইল"
"উপজেলা মহিলা বিষয়ক কর্মকর্তার কার্যালয়,কালিহাতি, টাঙ্গাইল","উপজেলা মহিলা বিষয়ক কর্মকর্তা",ঢাকা,টাঙ্গাইল,কালিহাতি,,,,"কালিহাতি, টাঙ্গাইল"
"উপজেলা মহিলা বিষয়ক কর্মকর্তার কার্যালয়,মধুপুর, টাঙ্গাইল","উপজেলা মহিলা বিষয়ক কর্মকর্তা",ঢাকা,টাঙ্গাইল,মধুপুর,,,,"মধুপুর, টাঙ্গাইল"
"উপজেলা মহিলা বিষয়ক কর্মকর্তার কার্যালয়,মির্জাপুর, টাঙ্গাইল","উপজেলা মহিলা বিষয়ক কর্মকর্তা",ঢাকা,টাঙ্গাইল,মির্জাপুর,,,,"মির্জাপুর, টাঙ্গাইল"
"উপজেলা মহিলা বিষয়ক কর্মকর্তার কার্যালয়,নাগরপুর, টাঙ্গাইল","উপজেলা মহিলা বিষয়ক কর্মকর্তা",ঢাকা,টাঙ্গাইল,নাগরপুর,,,,"নাগরপুর, টাঙ্গাইল"
"উপজেলা মহিলা বিষয়ক কর্মকর্তার কার্যালয়,সখিপুর, টাঙ্গাইল","উপজেলা মহিলা বিষয়ক কর্মকর্তা",ঢাকা,টাঙ্গাইল,সখিপুর,,,,"সখিপুর, টাঙ্গাইল"
"উপপরিচালকের কার্যালয়",উপপরিচালক,ঢাকা,টাঙ্গাইল,"টাঙ্গাইল সদর",,,,
"উপপরিচালকের কার্যালয়",উপপরিচালক,চট্টগ্রাম,বান্দরবান,আলীকদম,,,,
"উপজেলা মহিলা বিষয়ক কর্মকর্তার কার্যালয়,আলীকদম, বান্দরবান","উপজেলা মহিলা বিষয়ক কর্মকর্তা",চট্টগ্রাম,বান্দরবান,আলীকদম,,,,"আলীকদম, বান্দরবান"
"উপজেলা মহিলা বিষয়ক কর্মকর্তার কার্যালয়,লামা, বান্দরবান","উপজেলা মহিলা বিষয়ক কর্মকর্তা",চট্টগ্রাম,বান্দরবান,লামা,,,,"লামা, বান্দরবান"
"উপজেলা মহিলা বিষয়ক কর্মকর্তার কার্যালয়,নাইক্ষ্যাংছড়ি, বান্দরবান","উপজেলা মহিলা বিষয়ক কর্মকর্তা",চট্টগ্রাম,বান্দরবান,নাইক্ষ্যংছড়ি,,,,"নাইক্ষ্যাংছড়ি, বান্দরবান"
"উপজেলা মহিলা বিষয়ক কর্মকর্তার কার্যালয়,রুয়াংছড়ি, বান্দরবান","উপজেলা মহিলা বিষয়ক কর্মকর্তা",চট্টগ্রাম,বান্দরবান,রোয়াংছড়ি,,,,"রুয়াংছড়ি, বান্দরবান"
"উপজেলা মহিলা বিষয়ক কর্মকর্তার কার্যালয়,রুমা, বান্দরবান","উপজেলা মহিলা বিষয়ক কর্মকর্তা",চট্টগ্রাম,বান্দরবান,রুমা,,,,"রুমা, বান্দরবান"
"উপজেলা মহিলা বিষয়ক কর্মকর্তার কার্যালয়,থানচি, বান্দরবান","উপজেলা মহিলা বিষয়ক কর্মকর্তা",চট্টগ্রাম,বান্দরবান,থান্‌চি,,,,"থানচি, বান্দরবান"
"উপজেলা মহিলা বিষয়ক কর্মকর্তার কার্যালয়,আখাউড়া ,ব্রাহ্মণবাড়িয়া","উপজেলা মহিলা বিষয়ক কর্মকর্তা",চট্টগ্রাম,ব্রাহ্মণবাড়িয়া,আখাউড়া,,,,"আখাউড়া ,ব্রাহ্মণবাড়িয়া"
"উপপরিচালকের কার্যালয়",উপপরিচালক,চট্টগ্রাম,ব্রাহ্মণবাড়িয়া,আখাউড়া,,,,
"উপজেলা মহিলা বিষয়ক কর্মকর্তার কার্যালয়,আশুগঞ্জ,ব্রাহ্মণবাড়িয়া","উপজেলা মহিলা বিষয়ক কর্মকর্তা",চট্টগ্রাম,ব্রাহ্মণবাড়িয়া,আখাউড়া,,,,"আশুগঞ্জ,ব্রাহ্মণবাড়িয়া"
"উপজেলা মহিলা বিষয়ক কর্মকর্তার কার্যালয়,বাঞ্চারামপুর, ব্রাহ্মণবাড়িয়া","উপজেলা মহিলা বিষয়ক কর্মকর্তা",চট্টগ্রাম,ব্রাহ্মণবাড়িয়া,বাঞ্ছারামপুর,,,,"বাঞ্চারামপুর, ব্রাহ্মণবাড়িয়া"
"উপজেলা মহিলা বিষয়ক কর্মকর্তার কার্যালয়,বিজয়নগর,ব্রাহ্মণবাড়িয়া","উপজেলা মহিলা বিষয়ক কর্মকর্তা",চট্টগ্রাম,ব্রাহ্মণবাড়িয়া,বাকেরগঞ্জ,,,,"বিজয়নগর,ব্রাহ্মণবাড়িয়া"
"উপজেলা মহিলা বিষয়ক কর্মকর্তার কার্যালয়,কসবা, ব্রাহ্মণবাড়িয়া","উপজেলা মহিলা বিষয়ক কর্মকর্তা",চট্টগ্রাম,ব্রাহ্মণবাড়িয়া,কস্‌বা,,,,"কসবা, ব্রাহ্মণবাড়িয়া"
"উপজেলা মহিলা বিষয়ক কর্মকর্তার কার্যালয়,নবীনগর, ব্রাহ্মণবাড়িয়া","উপজেলা মহিলা বিষয়ক কর্মকর্তা",চট্টগ্রাম,ব্রাহ্মণবাড়িয়া,নবীনগর,,,,"নবীনগর, ব্রাহ্মণবাড়িয়া"
"উপজেলা মহিলা বিষয়ক কর্মকর্তার কার্যালয়,নাসিরনগর, ব্রাহ্মণবাড়িয়া","উপজেলা মহিলা বিষয়ক কর্মকর্তা",চট্টগ্রাম,ব্রাহ্মণবাড়িয়া,নাসিরনগর,,,,"নাসিরনগর, ব্রাহ্মণবাড়িয়া"
"উপজেলা মহিলা বিষয়ক কর্মকর্তার কার্যালয়,সরাইল,ব্রাহ্মণবাড়িয়া","উপজেলা মহিলা বিষয়ক কর্মকর্তা",চট্টগ্রাম,ব্রাহ্মণবাড়িয়া,সরাইল,,,,"সরাইল,ব্রাহ্মণবাড়িয়া"
"উপপরিচালকের কার্যালয়",উপপরিচালক,চট্টগ্রাম,চাঁদপুর,"চাঁদপুর সদর",,,,
"উপজেলা মহিলা বিষয়ক কর্মকর্তার কার্যালয়,ফরিদগঞ্জ, চাঁদপুর","উপজেলা মহিলা বিষয়ক কর্মকর্তা",চট্টগ্রাম,চাঁদপুর,ফরিদগঞ্জ,,,,"ফরিদগঞ্জ, চাঁদপুর"
"উপজেলা মহিলা বিষয়ক কর্মকর্তার কার্যালয়,হাইমচর, চাঁদপুর","উপজেলা মহিলা বিষয়ক কর্মকর্তা",চট্টগ্রাম,চাঁদপুর,হাইমচর,,,,"হাইমচর, চাঁদপুর"
"উপজেলা মহিলা বিষয়ক কর্মকর্তার কার্যালয়,হাজিগঞ্জ, চাঁদপুর","উপজেলা মহিলা বিষয়ক কর্মকর্তা",চট্টগ্রাম,চাঁদপুর,হাজীগঞ্জ,,,,"হাজিগঞ্জ, চাঁদপুর"
"উপজেলা মহিলা বিষয়ক কর্মকর্তার কার্যালয়,কচুয়া, চাঁদপুর","উপজেলা মহিলা বিষয়ক কর্মকর্তা",চট্টগ্রাম,চাঁদপুর,কচুয়া,,,,"কচুয়া, চাঁদপুর"
"উপজেলা মহিলা বিষয়ক কর্মকর্তার কার্যালয়,মতলব দক্ষিণ, চাঁদপুর","উপজেলা মহিলা বিষয়ক কর্মকর্তা",চট্টগ্রাম,চাঁদপুর,"মতলব দক্ষিণ",,,,"মতলব দক্ষিণ, চাঁদপুর"
"উপজেলা মহিলা বিষয়ক কর্মকর্তার কার্যালয়,মতলব উত্তর, চাঁদপুর","উপজেলা মহিলা বিষয়ক কর্মকর্তা",চট্টগ্রাম,চাঁদপুর,"মতলব উত্তর",,,,"মতলব উত্তর, চাঁদপুর"
"উপজেলা মহিলা বিষয়ক কর্মকর্তার কার্যালয়,শাহরাস্তি, চাঁদপুর","উপজেলা মহিলা বিষয়ক কর্মকর্তা",চট্টগ্রাম,চাঁদপুর,শাহরাস্তি,,,,"শাহরাস্তি, চাঁদপুর"
"উপজেলা মহিলা বিষয়ক কর্মকর্তার কার্যালয়,আনোয়ারা, চট্টগ্রাম","উপজেলা মহিলা বিষয়ক কর্মকর্তা",চট্টগ্রাম,চট্টগ্রাম,আনোয়ারা,,,,"আনোয়ারা, চট্টগ্রাম"
"উপপরিচালকের কার্যালয়",উপপরিচালক,চট্টগ্রাম,চট্টগ্রাম,আনোয়ারা,,,,
"উপজেলা মহিলা বিষয়ক কর্মকর্তার কার্যালয়,বাঁশখালী, চট্টগ্রাম","উপজেলা মহিলা বিষয়ক কর্মকর্তা",চট্টগ্রাম,চট্টগ্রাম,বাঁশখালী,,,,"বাঁশখালী, চট্টগ্রাম"
"উপজেলা মহিলা বিষয়ক কর্মকর্তার কার্যালয়,বোয়ালখালী, চট্টগ্রাম","উপজেলা মহিলা বিষয়ক কর্মকর্তা",চট্টগ্রাম,চট্টগ্রাম,বোয়ালখালী,,,,"বোয়ালখালী, চট্টগ্রাম"
"উপজেলা মহিলা বিষয়ক কর্মকর্তার কার্যালয়,চন্দনাইশ, চট্টগ্রাম","উপজেলা মহিলা বিষয়ক কর্মকর্তা",চট্টগ্রাম,চট্টগ্রাম,চন্দনাইশ,,,,"চন্দনাইশ, চট্টগ্রাম"
"উপজেলা মহিলা বিষয়ক কর্মকর্তার কার্যালয়,ফটিকছড়ি, চট্টগ্রাম","উপজেলা মহিলা বিষয়ক কর্মকর্তা",চট্টগ্রাম,চট্টগ্রাম,ফটিকছড়ি,,,,"ফটিকছড়ি, চট্টগ্রাম"
"উপজেলা মহিলা বিষয়ক কর্মকর্তার কার্যালয়,হাটহাজারী, চট্টগ্রাম","উপজেলা মহিলা বিষয়ক কর্মকর্তা",চট্টগ্রাম,চট্টগ্রাম,হাটহাজারী,,,,"হাটহাজারী, চট্টগ্রাম"
"উপজেলা মহিলা বিষয়ক কর্মকর্তার কার্যালয়,লোহাগড়া, চট্টগ্রাম","উপজেলা মহিলা বিষয়ক কর্মকর্তা",চট্টগ্রাম,চট্টগ্রাম,লোহাগড়া,,,,"লোহাগড়া, চট্টগ্রাম"
"উপজেলা মহিলা বিষয়ক কর্মকর্তার কার্যালয়,মিরসরাইল, চট্টগ্রাম","উপজেলা মহিলা বিষয়ক কর্মকর্তা",চট্টগ্রাম,চট্টগ্রাম,মিরশরাই,,,,"মিরসরাইল, চট্টগ্রাম"
"উপজেলা মহিলা বিষয়ক কর্মকর্তার কার্যালয়,পটিয়া, চট্টগ্রাম","উপজেলা মহিলা বিষয়ক কর্মকর্তা",চট্টগ্রাম,চট্টগ্রাম,পটিয়া,,,,"পটিয়া, চট্টগ্রাম"
"উপজেলা মহিলা বিষয়ক কর্মকর্তার কার্যালয়,রাউজান, চট্টগ্রাম","উপজেলা মহিলা বিষয়ক কর্মকর্তা",চট্টগ্রাম,চট্টগ্রাম,রাংগুনীয়া,,,,"রাউজান, চট্টগ্রাম"
"উপজেলা মহিলা বিষয়ক কর্মকর্তার কার্যালয়,রাগুনিয়া, চট্টগ্রাম","উপজেলা মহিলা বিষয়ক কর্মকর্তা",চট্টগ্রাম,চট্টগ্রাম,রাংগুনীয়া,,,,"রাগুনিয়া, চট্টগ্রাম"
"উপজেলা মহিলা বিষয়ক কর্মকর্তার কার্যালয়,সন্দীপ, চট্টগ্রাম","উপজেলা মহিলা বিষয়ক কর্মকর্তা",চট্টগ্রাম,চট্টগ্রাম,সন্দ্বীপ,,,,"সন্দীপ, চট্টগ্রাম"
"উপজেলা মহিলা বিষয়ক কর্মকর্তার কার্যালয়,সাতকানিয়া, চট্টগ্রাম","উপজেলা মহিলা বিষয়ক কর্মকর্তা",চট্টগ্রাম,চট্টগ্রাম,সাতকানিয়া,,,,"সাতকানিয়া, চট্টগ্রাম"
"উপজেলা মহিলা বিষয়ক কর্মকর্তার কার্যালয়,সীতাকুন্ডু, চট্টগ্রাম","উপজেলা মহিলা বিষয়ক কর্মকর্তা",চট্টগ্রাম,চট্টগ্রাম,সীতাকুন্ড,,,,"সীতাকুন্ডু, চট্টগ্রাম"
"উপপরিচালকের কার্যালয়",উপপরিচালক,চট্টগ্রাম,কুমিল্লা,বরুড়া,,,,
"উপজেলা মহিলা বিষয়ক কর্মকর্তার কার্যালয়,বরুড়া, কুমিল্লা","উপজেলা মহিলা বিষয়ক কর্মকর্তা",চট্টগ্রাম,কুমিল্লা,বরুড়া,,,,"বরুড়া, কুমিল্লা"
"উপজেলা মহিলা বিষয়ক কর্মকর্তার কার্যালয়,ব্রাহ্মণপাড়া, কুমিল্লা","উপজেলা মহিলা বিষয়ক কর্মকর্তা",চট্টগ্রাম,কুমিল্লা,"ব্রাক্ষ্মণ পাড়া",,,,"ব্রাহ্মণপাড়া, কুমিল্লা"
"উপজেলা মহিলা বিষয়ক কর্মকর্তার কার্যালয়,বুড়িচং, কুমিল্লা","উপজেলা মহিলা বিষয়ক কর্মকর্তা",চট্টগ্রাম,কুমিল্লা,বুড়িচং,,,,"বুড়িচং, কুমিল্লা"
"উপজেলা মহিলা বিষয়ক কর্মকর্তার কার্যালয়,চান্দিনা, কুমিল্লা","উপজেলা মহিলা বিষয়ক কর্মকর্তা",চট্টগ্রাম,কুমিল্লা,চন্দিনা,,,,"চান্দিনা, কুমিল্লা"
"উপজেলা মহিলা বিষয়ক কর্মকর্তার কার্যালয়,চৌদ্দগ্রাম, কুমিল্লা","উপজেলা মহিলা বিষয়ক কর্মকর্তা",চট্টগ্রাম,কুমিল্লা,চৌদ্দগ্রাম,,,,"চৌদ্দগ্রাম, কুমিল্লা"
"উপজেলা মহিলা বিষয়ক কর্মকর্তার কার্যালয়,সদরদক্ষিণ, কুমিল্লা","উপজেলা মহিলা বিষয়ক কর্মকর্তা",চট্টগ্রাম,কুমিল্লা,"কুমিল্লা সদর দক্ষিণ",,,,"সদরদক্ষিণ, কুমিল্লা"
"উপজেলা মহিলা বিষয়ক কর্মকর্তার কার্যালয়,দাউদকান্দি, কুৃমিল্লা","উপজেলা মহিলা বিষয়ক কর্মকর্তা",চট্টগ্রাম,কুমিল্লা,দাউদকান্দি,,,,"দাউদকান্দি, কুৃমিল্লা"
"উপজেলা মহিলা বিষয়ক কর্মকর্তার কার্যালয়,দেবিদ্বার, কুমিল্লা","উপজেলা মহিলা বিষয়ক কর্মকর্তা",চট্টগ্রাম,কুমিল্লা,দেবিদ্বার,,,,"দেবিদ্বার, কুমিল্লা"
"উপজেলা মহিলা বিষয়ক কর্মকর্তার কার্যালয়,লাকসাম, কুমিল্লা","উপজেলা মহিলা বিষয়ক কর্মকর্তা",চট্টগ্রাম,কুমিল্লা,লাকসাম,,,,"লাকসাম, কুমিল্লা"
"উপজেলা মহিলা বিষয়ক কর্মকর্তার কার্যালয়,মনোহরগঞ্জ, কুমিল্লা","উপজেলা মহিলা বিষয়ক কর্মকর্তা",চট্টগ্রাম,কুমিল্লা,মনোহরগঞ্জ,,,,"মনোহরগঞ্জ, কুমিল্লা"
"উপজেলা মহিলা বিষয়ক কর্মকর্তার কার্যালয়,মেঘনা, কুমিল্লা","উপজেলা মহিলা বিষয়ক কর্মকর্তা",চট্টগ্রাম,কুমিল্লা,মেঘনা,,,,"মেঘনা, কুমিল্লা"
"উপজেলা মহিলা বিষয়ক কর্মকর্তার কার্যালয়,মুরাদনগর, কুমিল্লা","উপজেলা মহিলা বিষয়ক কর্মকর্তা",চট্টগ্রাম,কুমিল্লা,মুরাদনগর,,,,"মুরাদনগর, কুমিল্লা"
"উপজেলা মহিলা বিষয়ক কর্মকর্তার কার্যালয়,নাঙ্গলকোর্ট, কুমিল্লা","উপজেলা মহিলা বিষয়ক কর্মকর্তা",চট্টগ্রাম,কুমিল্লা,নাঙ্গলকোট,,,,"নাঙ্গলকোর্ট, কুমিল্লা"
"উপজেলা মহিলা বিষয়ক কর্মকর্তার কার্যালয়,তিতাস, কুমিল্লা","উপজেলা মহিলা বিষয়ক কর্মকর্তা",চট্টগ্রাম,কুমিল্লা,তিতাস,,,,"তিতাস, কুমিল্লা"
"উপজেলা মহিলা বিষয়ক কর্মকর্তার কার্যালয়,পেকুয়া, কক্সবাজার","উপজেলা মহিলা বিষয়ক কর্মকর্তা",চট্টগ্রাম,কক্সবাজার,চকরিয়া,,,,"পেকুয়া, কক্সবাজার"
"উপজেলা মহিলা বিষয়ক কর্মকর্তার কার্যালয়,চকরিয়া, কক্সবাজার","উপজেলা মহিলা বিষয়ক কর্মকর্তা",চট্টগ্রাম,কক্সবাজার,চকরিয়া,,,,"চকরিয়া, কক্সবাজার"
"উপপরিচালকের কার্যালয়",উপপরিচালক,চট্টগ্রাম,কক্সবাজার,চকরিয়া,,,,
"উপজেলা মহিলা বিষয়ক কর্মকর্তার কার্যালয়,কুতুবদিয়া, কক্সবাজার","উপজেলা মহিলা বিষয়ক কর্মকর্তা",চট্টগ্রাম,কক্সবাজার,কুতুবদিয়া,,,,"কুতুবদিয়া, কক্সবাজার"
"উপজেলা মহিলা বিষয়ক কর্মকর্তার কার্যালয়,মহেশখালী, কক্সবাজার","উপজেলা মহিলা বিষয়ক কর্মকর্তা",চট্টগ্রাম,কক্সবাজার,মহেশখালী,,,,"মহেশখালী, কক্সবাজার"
"উপজেলা মহিলা বিষয়ক কর্মকর্তার কার্যালয়,রামু, কক্সবাজার","উপজেলা মহিলা বিষয়ক কর্মকর্তা",চট্টগ্রাম,কক্সবাজার,রামু,,,,"রামু, কক্সবাজার"
"উপজেলা মহিলা বিষয়ক কর্মকর্তার কার্যালয়,টেকনাফ, কক্সবাজার","উপজেলা মহিলা বিষয়ক কর্মকর্তা",চট্টগ্রাম,কক্সবাজার,টেক্‌নাফ,,,,"টেকনাফ, কক্সবাজার"
"উপজেলা মহিলা বিষয়ক কর্মকর্তার কার্যালয়,উখিয়া,কক্সবাজার","উপজেলা মহিলা বিষয়ক কর্মকর্তা",চট্টগ্রাম,কক্সবাজার,উখিয়া,,,,"উখিয়া,কক্সবাজার"
"উপপরিচালকের কার্যালয়",উপপরিচালক,চট্টগ্রাম,ফেনী,ছাগলনাইয়া,,,,
"উপজেলা মহিলা বিষয়ক কর্মকর্তার কার্যালয়,সোনাগাজী, ফেনী","উপজেলা মহিলা বিষয়ক কর্মকর্তা",চট্টগ্রাম,ফেনী,ছাগলনাইয়া,,,,"সোনাগাজী, ফেনী"
"উপজেলা মহিলা বিষয়ক কর্মকর্তার কার্যালয়,ছাগলনাইয়া, ফেনী","উপজেলা মহিলা বিষয়ক কর্মকর্তা",চট্টগ্রাম,ফেনী,ছাগলনাইয়া,,,,"ছাগলনাইয়া, ফেনী"
"উপজেলা মহিলা বিষয়ক কর্মকর্তার কার্যালয়,দাগনভূইয়া, ফেনী","উপজেলা মহিলা বিষয়ক কর্মকর্তা",চট্টগ্রাম,ফেনী,দাগনভূঁঞা,,,,"দাগনভূইয়া, ফেনী"
"উপজেলা মহিলা বিষয়ক কর্মকর্তার কার্যালয়,ফুলগাজী, ফেনী","উপজেলা মহিলা বিষয়ক কর্মকর্তা",চট্টগ্রাম,ফেনী,ফুলগাজী,,,,"ফুলগাজী, ফেনী"
"উপজেলা মহিলা বিষয়ক কর্মকর্তার কার্যালয়,পরশুরাম, ফেনী","উপজেলা মহিলা বিষয়ক কর্মকর্তা",চট্টগ্রাম,ফেনী,পরশুরাম,,,,"পরশুরাম, ফেনী"
"উপজেলা মহিলা বিষয়ক কর্মকর্তার কার্যালয়, গুইমারা, খাগড়াছড়ি","উপজেলা মহিলা বিষয়ক কর্মকর্তা",চট্টগ্রাম,খাগড়াছড়ি,,,,,"উপজেলা মহিলা বিষয়ক কর্মকর্তার কার্যালয়, গুইমারা, খাগড়াছড়ি"
"উপপরিচালকের কার্যালয়",উপপরিচালক,চট্টগ্রাম,খাগড়াছড়ি,বেতাগী,,,,
"উপপরিচালকের কার্যালয়",উপপরিচালক,চট্টগ্রাম,খাগড়াছড়ি,দিঘিনালা,,,,
"উপজেলা মহিলা বিষয়ক কর্মকর্তার কার্যালয়,দীঘিনালা, খাগড়াছড়ি","উপজেলা মহিলা বিষয়ক কর্মকর্তা",চট্টগ্রাম,খাগড়াছড়ি,দিঘিনালা,,,,"দীঘিনালা, খাগড়াছড়ি"
"উপজেলা মহিলা বিষয়ক কর্মকর্তার কার্যালয়,লক্ষীছড়ি, খাগড়াছড়ি","উপজেলা মহিলা বিষয়ক কর্মকর্তা",চট্টগ্রাম,খাগড়াছড়ি,লক্ষীছড়ি,,,,"লক্ষীছড়ি, খাগড়াছড়ি"
"উপজেলা মহিলা বিষয়ক কর্মকর্তার কার্যালয়,মহালছড়ি, খাগড়াছদি","উপজেলা মহিলা বিষয়ক কর্মকর্তা",চট্টগ্রাম,খাগড়াছড়ি,মহালছড়ি,,,,"মহালছড়ি, খাগড়াছদি"
"উপজেলা মহিলা বিষয়ক কর্মকর্তার কার্যালয়,মানিকছড়ি, খাগড়াছড়ি","উপজেলা মহিলা বিষয়ক কর্মকর্তা",চট্টগ্রাম,খাগড়াছড়ি,মানিকছড়ি,,,,"মানিকছড়ি, খাগড়াছড়ি"
"উপজেলা মহিলা বিষয়ক কর্মকর্তার কার্যালয়,মাটিরাঙ্গা, খাগড়াছড়ি","উপজেলা মহিলা বিষয়ক কর্মকর্তা",চট্টগ্রাম,খাগড়াছড়ি,মাটিরাংগা,,,,"মাটিরাঙ্গা, খাগড়াছড়ি"
"উপজেলা মহিলা বিষয়ক কর্মকর্তার কার্যালয়,পানছড়ি, খাগড়াছড়ি","উপজেলা মহিলা বিষয়ক কর্মকর্তা",চট্টগ্রাম,খাগড়াছড়ি,পানছড়ি,,,,"পানছড়ি, খাগড়াছড়ি"
"উপজেলা মহিলা বিষয়ক কর্মকর্তার কার্যালয়,রামগড়, খাগড়াছড়ি","উপজেলা মহিলা বিষয়ক কর্মকর্তা",চট্টগ্রাম,খাগড়াছড়ি,রামগর,,,,"রামগড়, খাগড়াছড়ি"
"উপজেলা মহিলা বিষয়ক কর্মকর্তার কার্যালয়,কমলনগর, লক্ষীপুর","উপজেলা মহিলা বিষয়ক কর্মকর্তা",চট্টগ্রাম,লক্ষ্মীপুর,কমলনগর,,,,"কমলনগর, লক্ষীপুর"
"উপপরিচালকের কার্যালয়",উপপরিচালক,চট্টগ্রাম,লক্ষ্মীপুর,কমলনগর,,,,
"উপজেলা মহিলা বিষয়ক কর্মকর্তার কার্যালয়,রায়পুর, লক্ষীপুর","উপজেলা মহিলা বিষয়ক কর্মকর্তা",চট্টগ্রাম,লক্ষ্মীপুর,রায়পুর,,,,"রায়পুর, লক্ষীপুর"
"উপজেলা মহিলা বিষয়ক কর্মকর্তার কার্যালয়,রামগঞ্জ, লক্ষীপুর","উপজেলা মহিলা বিষয়ক কর্মকর্তা",চট্টগ্রাম,লক্ষ্মীপুর,রামগঞ্জ,,,,"রামগঞ্জ, লক্ষীপুর"
"উপজেলা মহিলা বিষয়ক কর্মকর্তার কার্যালয়,রামগতি, লক্ষীপুর","উপজেলা মহিলা বিষয়ক কর্মকর্তা",চট্টগ্রাম,লক্ষ্মীপুর,রামগতী,,,,"রামগতি, লক্ষীপুর"
"উপপরিচালকের কার্যালয়",উপপরিচালক,চট্টগ্রাম,নোয়াখালী,বেগমগঞ্জ,,,,
"উপজেলা মহিলা বিষয়ক কর্মকর্তার কার্যালয়,বেগমগঞ্জ, নোয়াখালী","উপজেলা মহিলা বিষয়ক কর্মকর্তা",চট্টগ্রাম,নোয়াখালী,বেগমগঞ্জ,,,,"বেগমগঞ্জ, নোয়াখালী"
"উপজেলা মহিলা বিষয়ক কর্মকর্তার কার্যালয়,চাটখিল, নোয়াখালী","উপজেলা মহিলা বিষয়ক কর্মকর্তা",চট্টগ্রাম,নোয়াখালী,চাট্‌খিল,,,,"চাটখিল, নোয়াখালী"
"উপজেলা মহিলা বিষয়ক কর্মকর্তার কার্যালয়,কোম্পানীগঞ্জ, নোয়াখালী","উপজেলা মহিলা বিষয়ক কর্মকর্তা",চট্টগ্রাম,নোয়াখালী,কোম্পানীগঞ্জ,,,,"কোম্পানীগঞ্জ, নোয়াখালী"
"উপজেলা মহিলা বিষয়ক কর্মকর্তার কার্যালয়,হাতিয়া, নোয়াখালী","উপজেলা মহিলা বিষয়ক কর্মকর্তা",চট্টগ্রাম,নোয়াখালী,হাতিয়া,,,,"হাতিয়া, নোয়াখালী"
"উপজেলা মহিলা বিষয়ক কর্মকর্তার কার্যালয়,কবিরহাট,নোয়াখালী","উপজেলা মহিলা বিষয়ক কর্মকর্তা",চট্টগ্রাম,নোয়াখালী,কবিরহাট,,,,"কবিরহাট,নোয়াখালী"
"উপজেলা মহিলা বিষয়ক কর্মকর্তার কার্যালয়,সেনবাগ, নোয়াখালী","উপজেলা মহিলা বিষয়ক কর্মকর্তা",চট্টগ্রাম,নোয়াখালী,সেনবাগ,,,,"সেনবাগ, নোয়াখালী"
"উপজেলা মহিলা বিষয়ক কর্মকর্তার কার্যালয়,সোনাইমুড়ী, নোয়াখালী","উপজেলা মহিলা বিষয়ক কর্মকর্তা",চট্টগ্রাম,নোয়াখালী,সোনাইমুড়ি,,,,"সোনাইমুড়ী, নোয়াখালী"
"উপজেলা মহিলা বিষয়ক কর্মকর্তার কার্যালয়,সুবর্ণচর, নোয়াখালী","উপজেলা মহিলা বিষয়ক কর্মকর্তা",চট্টগ্রাম,নোয়াখালী,সুবর্ণচর,,,,"সুবর্ণচর, নোয়াখালী"
"উপজেলা মহিলা বিষয়ক কর্মকর্তার কার্যালয়,বাঘাইছড়ি, রাঙ্গামাটি","উপজেলা মহিলা বিষয়ক কর্মকর্তা",চট্টগ্রাম,রাঙ্গামাটি,বাঘাইছড়ি,,,,"বাঘাইছড়ি, রাঙ্গামাটি"
"উপপরিচালকের কার্যালয়",উপপরিচালক,চট্টগ্রাম,রাঙ্গামাটি,বাঘাইছড়ি,,,,
"উপজেলা মহিলা বিষয়ক কর্মকর্তার কার্যালয়,বরকল, রাঙ্গামাটি","উপজেলা মহিলা বিষয়ক কর্মকর্তা",চট্টগ্রাম,রাঙ্গামাটি,বরকল,,,,"বরকল, রাঙ্গামাটি"
"উপজেলা মহিলা বিষয়ক কর্মকর্তার কার্যালয়,কাউখালী, রাঙ্গামাটি","উপজেলা মহিলা বিষয়ক কর্মকর্তা",চট্টগ্রাম,রাঙ্গামাটি,কাউখালী,,,,"কাউখালী, রাঙ্গামাটি"
"উপজেলা মহিলা বিষয়ক কর্মকর্তার কার্যালয়,বিলাইছড়ি, রাঙ্গামাটি","উপজেলা মহিলা বিষয়ক কর্মকর্তা",চট্টগ্রাম,রাঙ্গামাটি,বিলাইছড়ি,,,,"বিলাইছড়ি, রাঙ্গামাটি"
"উপজেলা মহিলা বিষয়ক কর্মকর্তার কার্যালয়,কাপ্তাই, রাঙ্গামাটি","উপজেলা মহিলা বিষয়ক কর্মকর্তা",চট্টগ্রাম,রাঙ্গামাটি,কাপ্তাই,,,,"কাপ্তাই, রাঙ্গামাটি"
"উপজেলা মহিলা বিষয়ক কর্মকর্তার কার্যালয়,জুরাইছড়ি, রাঙ্গামাটি","উপজেলা মহিলা বিষয়ক কর্মকর্তা",চট্টগ্রাম,রাঙ্গামাটি,জুরাইছড়ি,,,,"জুরাইছড়ি, রাঙ্গামাটি"
"উপজেলা মহিলা বিষয়ক কর্মকর্তার কার্যালয়,লংগদু, রাঙ্গামাটি","উপজেলা মহিলা বিষয়ক কর্মকর্তা",চট্টগ্রাম,রাঙ্গামাটি,লংগদু,,,,"লংগদু, রাঙ্গামাটি"
"উপজেলা মহিলা বিষয়ক কর্মকর্তার কার্যালয়,নানিয়ারচর, রাঙ্গামাটি","উপজেলা মহিলা বিষয়ক কর্মকর্তা",চট্টগ্রাম,রাঙ্গামাটি,নানিয়ারচর,,,,"নানিয়ারচর, রাঙ্গামাটি"
"উপজেলা মহিলা বিষয়ক কর্মকর্তার কার্যালয়,রাজস্থলী, রাঙ্গামাটি","উপজেলা মহিলা বিষয়ক কর্মকর্তা",চট্টগ্রাম,রাঙ্গামাটি,রাজস্থালী,,,,"রাজস্থলী, রাঙ্গামাটি"
"উপজেলা মহিলা বিষয়ক কর্মকর্তার কার্যালয়,আদমদিঘী, বগুড়া","উপজেলা মহিলা বিষয়ক কর্মকর্তা",রাজশাহী,বগুড়া,আদমদিঘী,,,,"আদমদিঘী, বগুড়া"
"উপজেলা মহিলা বিষয়ক কর্মকর্তার কার্যালয়,ধুনট, বগুড়া","উপজেলা মহিলা বিষয়ক কর্মকর্তা",রাজশাহী,বগুড়া,ধুনট,,,,"ধুনট, বগুড়া"
"উপজেলা মহিলা বিষয়ক কর্মকর্তার কার্যালয়,গাবতলী, বগুড়া","উপজেলা মহিলা বিষয়ক কর্মকর্তা",রাজশাহী,বগুড়া,ধুনট,,,,"গাবতলী, বগুড়া"
"উপজেলা মহিলা বিষয়ক কর্মকর্তার কার্যালয়,ধুপচাচিয়া, বগুড়া","উপজেলা মহিলা বিষয়ক কর্মকর্তা",রাজশাহী,বগুড়া,ধুপচাঁচিয়া,,,,"ধুপচাচিয়া, বগুড়া"
"উপজেলা মহিলা বিষয়ক কর্মকর্তার কার্যালয়,কাহালু, বগুড়া","উপজেলা মহিলা বিষয়ক কর্মকর্তা",রাজশাহী,বগুড়া,কাহালু,,,,"কাহালু, বগুড়া"
"উপজেলা মহিলা বিষয়ক কর্মকর্তার কার্যালয়,নন্দীগ্রাম","উপজেলা মহিলা বিষয়ক কর্মকর্তা",রাজশাহী,বগুড়া,নন্দীগ্রাম,,,,নন্দীগ্রাম
"উপজেলা মহিলা বিষয়ক কর্মকর্তার কার্যালয়,সারিয়াকান্দি, বগুড়া","উপজেলা মহিলা বিষয়ক কর্মকর্তা",রাজশাহী,বগুড়া,সারিয়াকান্দি,,,,"সারিয়াকান্দি, বগুড়া"
"উপজেলা মহিলা বিষয়ক কর্মকর্তার কার্যালয়,শাজাহানপুর, বগুড়া","উপজেলা মহিলা বিষয়ক কর্মকর্তা",রাজশাহী,বগুড়া,শাহজাহানপুর,,,,"শাজাহানপুর, বগুড়া"
"উপজেলা মহিলা বিষয়ক কর্মকর্তার কার্যালয়,শেরপুর, বগুড়া","উপজেলা মহিলা বিষয়ক কর্মকর্তা",রাজশাহী,বগুড়া,শেরপুর,,,,"শেরপুর, বগুড়া"
"উপপরিচালকের কার্যালয়",উপপরিচালক,রাজশাহী,বগুড়া,শেরপুর,,,,
"উপজেলা মহিলা বিষয়ক কর্মকর্তার কার্যালয়,শিবগঞ্জ, বগুড়া","উপজেলা মহিলা বিষয়ক কর্মকর্তা",রাজশাহী,বগুড়া,শিব্‌গঞ্জ,,,,"শিবগঞ্জ, বগুড়া"
"উপজেলা মহিলা বিষয়ক কর্মকর্তার কার্যালয়,সোনাতলা, বগুড়া","উপজেলা মহিলা বিষয়ক কর্মকর্তা",রাজশাহী,বগুড়া,সোনাতলা,,,,"সোনাতলা, বগুড়া"
"উপপরিচালকের কার্যালয়",উপপরিচালক,রাজশাহী,"চাঁপাই নবাবগঞ্জ",ভোলাহাট,,,,
"উপজেলা মহিলা বিষয়ক কর্মকর্তার কার্যালয়,ভোলাহাট, চাঁপাইনবাবগঞ্জ","উপজেলা মহিলা বিষয়ক কর্মকর্তা",রাজশাহী,"চাঁপাই নবাবগঞ্জ",ভোলাহাট,,,,"ভোলাহাট, চাঁপাইনবাবগঞ্জ"
"উপজেলা মহিলা বিষয়ক কর্মকর্তার কার্যালয়,গোমস্তাপুর, চাঁপাইনবাবগঞ্জ","উপজেলা মহিলা বিষয়ক কর্মকর্তা",রাজশাহী,"চাঁপাই নবাবগঞ্জ",গোমস্তাপুর,,,,"গোমস্তাপুর, চাঁপাইনবাবগঞ্জ"
"উপজেলা মহিলা বিষয়ক কর্মকর্তার কার্যালয়,নাচোল, চাঁপাইনবাবগঞ্জ","উপজেলা মহিলা বিষয়ক কর্মকর্তা",রাজশাহী,"চাঁপাই নবাবগঞ্জ",নাচোল,,,,"নাচোল, চাঁপাইনবাবগঞ্জ"
"উপজেলা মহিলা বিষয়ক কর্মকর্তার কার্যালয়,শিবগঞ্জ, চাঁপাইনবাবগঞ্জ","উপজেলা মহিলা বিষয়ক কর্মকর্তা",রাজশাহী,"চাঁপাই নবাবগঞ্জ",শিবগঞ্জ,,,,"শিবগঞ্জ, চাঁপাইনবাবগঞ্জ"
"উপজেলা মহিলা বিষয়ক কর্মকর্তার কার্যালয়,আক্কেলপুর, জয়পুরহাট","উপজেলা মহিলা বিষয়ক কর্মকর্তা",রাজশাহী,জয়পুরহাট,আক্কেলপুর,,,,"আক্কেলপুর, জয়পুরহাট"
"উপপরিচালকের কার্যালয়",উপপরিচালক,রাজশাহী,জয়পুরহাট,আক্কেলপুর,,,,
"উপজেলা মহিলা বিষয়ক কর্মকর্তার কার্যালয়,কালাই, জয়পুরহাট","উপজেলা মহিলা বিষয়ক কর্মকর্তা",রাজশাহী,জয়পুরহাট,কালাই,,,,"কালাই, জয়পুরহাট"
"উপজেলা মহিলা বিষয়ক কর্মকর্তার কার্যালয়,ক্ষেতলাল, জয়পুরহাট","উপজেলা মহিলা বিষয়ক কর্মকর্তা",রাজশাহী,জয়পুরহাট,ক্ষেতলাল,,,,"ক্ষেতলাল, জয়পুরহাট"
"উপজেলা মহিলা বিষয়ক কর্মকর্তার কার্যালয়,পাঁচবিবি, জয়পুরহাট","উপজেলা মহিলা বিষয়ক কর্মকর্তা",রাজশাহী,জয়পুরহাট,পাঁচবিবি,,,,"পাঁচবিবি, জয়পুরহাট"
"উপজেলা মহিলা বিষয়ক কর্মকর্তার কার্যালয়,আত্রাই, নওগাঁ","উপজেলা মহিলা বিষয়ক কর্মকর্তা",রাজশাহী,নওগাঁ,আত্রাই,,,,"আত্রাই, নওগাঁ"
"উপপরিচালকের কার্যালয়",উপপরিচালক,রাজশাহী,নওগাঁ,আত্রাই,,,,
"উপজেলা মহিলা বিষয়ক কর্মকর্তার কার্যালয়,বদলগাছী, নওগাঁ","উপজেলা মহিলা বিষয়ক কর্মকর্তা",রাজশাহী,নওগাঁ,বদলগাছী,,,,"বদলগাছী, নওগাঁ"
"উপজেলা মহিলা বিষয়ক কর্মকর্তার কার্যালয়,উপজেলা মহিলা বিষয়ক কর্মকর্তার কার্যালয়, ধামুরহাট, নওগাঁ‌","উপজেলা মহিলা বিষয়ক কর্মকর্তা",রাজশাহী,নওগাঁ,ধামুইরহাট,,,,"উপজেলা মহিলা বিষয়ক কর্মকর্তার কার্যালয়, ধামুরহাট, নওগাঁ‌"
"উপজেলা মহিলা বিষয়ক কর্মকর্তার কার্যালয়,মান্দা, নওগাঁ","উপজেলা মহিলা বিষয়ক কর্মকর্তা",রাজশাহী,নওগাঁ,মান্দা,,,,"মান্দা, নওগাঁ"
"উপজেলা মহিলা বিষয়ক কর্মকর্তার কার্যালয়,নিয়ামতপুর, নওগাঁ","উপজেলা মহিলা বিষয়ক কর্মকর্তা",রাজশাহী,নওগাঁ,নিয়ামতপুর,,,,"নিয়ামতপুর, নওগাঁ"
"উপজেলা মহিলা বিষয়ক কর্মকর্তার কার্যালয়,পত্নীতলা, নওগাঁ","উপজেলা মহিলা বিষয়ক কর্মকর্তা",রাজশাহী,নওগাঁ,পত্নীতলা,,,,"পত্নীতলা, নওগাঁ"
"উপজেলা মহিলা বিষয়ক কর্মকর্তার কার্যালয়,পোরশা, নওগাঁ","উপজেলা মহিলা বিষয়ক কর্মকর্তা",রাজশাহী,নওগাঁ,পোরশা,,,,"পোরশা, নওগাঁ"
"উপজেলা মহিলা বিষয়ক কর্মকর্তার কার্যালয়,রানীনগর, নওগাঁ","উপজেলা মহিলা বিষয়ক কর্মকর্তা",রাজশাহী,নওগাঁ,রাণীনগর,,,,"রানীনগর, নওগাঁ"
"উপজেলা মহিলা বিষয়ক কর্মকর্তার কার্যালয়,সাপাহার, নওগাঁ","উপজেলা মহিলা বিষয়ক কর্মকর্তা",রাজশাহী,নওগাঁ,সাপাহার,,,,"সাপাহার, নওগাঁ"
"উপজেলা মহিলা বিষয়ক কর্মকর্তার কার্যালয়,বাঘাতিপাড়া, নাটোর","উপজেলা মহিলা বিষয়ক কর্মকর্তা",রাজশাহী,নাটোর,বাগাতিপাড়া,,,,"বাঘাতিপাড়া, নাটোর"
"উপজেলা মহিলা বিষয়ক কর্মকর্তার কার্যালয়,বড়াইগ্রাম, নাটোর","উপজেলা মহিলা বিষয়ক কর্মকর্তা",রাজশাহী,নাটোর,বড়ইগ্রাম,,,,"বড়াইগ্রাম, নাটোর"
"উপজেলা মহিলা বিষয়ক কর্মকর্তার কার্যালয়,গুরুদাসপুর, নাটোর","উপজেলা মহিলা বিষয়ক কর্মকর্তা",রাজশাহী,নাটোর,গুরুদাসপুর,,,,"গুরুদাসপুর, নাটোর"
"উপজেলা মহিলা বিষয়ক কর্মকর্তার কার্যালয়,লালপুর, নাটোর","উপজেলা মহিলা বিষয়ক কর্মকর্তা",রাজশাহী,নাটোর,লালপুর,,,,"লালপুর, নাটোর"
"উপজেলা মহিলা বিষয়ক কর্মকর্তার কার্যালয়,নলডাঙ্গা, নাটোর","উপজেলা মহিলা বিষয়ক কর্মকর্তা",রাজশাহী,নাটোর,পাহাড়তলী,,,,"নলডাঙ্গা, নাটোর"
"উপজেলা মহিলা বিষয়ক কর্মকর্তার কার্যালয়,সিংড়া, নাটোর","উপজেলা মহিলা বিষয়ক কর্মকর্তা",রাজশাহী,নাটোর,সিংড়া,,,,"সিংড়া, নাটোর"
"উপজেলা মহিলা বিষয়ক কর্মকর্তার কার্যালয়,আটঘরিয়া, পাবনা","উপজেলা মহিলা বিষয়ক কর্মকর্তা",রাজশাহী,পাবনা,আটঘরিয়া,,,,"আটঘরিয়া, পাবনা"
"উপজেলা মহিলা বিষয়ক কর্মকর্তার কার্যালয়,বেড়া, পাবনা","উপজেলা মহিলা বিষয়ক কর্মকর্তা",রাজশাহী,পাবনা,বেড়া,,,,"বেড়া, পাবনা"
"উপজেলা মহিলা বিষয়ক কর্মকর্তার কার্যালয়,ভাঙ্গুড়া, পাবনা","উপজেলা মহিলা বিষয়ক কর্মকর্তা",রাজশাহী,পাবনা,ভাংগুড়া,,,,"ভাঙ্গুড়া, পাবনা"
"উপজেলা মহিলা বিষয়ক কর্মকর্তার কার্যালয়,চাটমোহর, পাবনা","উপজেলা মহিলা বিষয়ক কর্মকর্তা",রাজশাহী,পাবনা,চাট্‌মোহর,,,,"চাটমোহর, পাবনা"
"উপজেলা মহিলা বিষয়ক কর্মকর্তার কার্যালয়,ফরিদপুর, পাবনা","উপজেলা মহিলা বিষয়ক কর্মকর্তা",রাজশাহী,পাবনা,ফরিদপুর,,,,"ফরিদপুর, পাবনা"
"উপজেলা মহিলা বিষয়ক কর্মকর্তার কার্যালয়,ঈশ্বরদী, পাবনা","উপজেলা মহিলা বিষয়ক কর্মকর্তা",রাজশাহী,পাবনা,ঈশ্বরদী,,,,"ঈশ্বরদী, পাবনা"
"উপপরিচালকের কার্যালয়",উপপরিচালক,রাজশাহী,পাবনা,"পাবনা সদর",,,,
"উপজেলা মহিলা বিষয়ক কর্মকর্তার কার্যালয়,সাথিয়া, পাবনা","উপজেলা মহিলা বিষয়ক কর্মকর্তা",রাজশাহী,পাবনা,সাঁথিয়া,,,,"সাথিয়া, পাবনা"
"উপজেলা মহিলা বিষয়ক কর্মকর্তার কার্যালয়,সুজানগর, পাবনা","উপজেলা মহিলা বিষয়ক কর্মকর্তা",রাজশাহী,পাবনা,সুজানগর,,,,"সুজানগর, পাবনা"
"উপপরিচালকের কার্যালয়",উপপরিচালক,রাজশাহী,রাজশাহী,বাঘা,,,,
"উপজেলা মহিলা বিষয়ক কর্মকর্তার কার্যালয়,বাঘা, রাজশাহী","উপজেলা মহিলা বিষয়ক কর্মকর্তা",রাজশাহী,রাজশাহী,বাঘা,,,,"বাঘা, রাজশাহী"
"উপজেলা মহিলা বিষয়ক কর্মকর্তার কার্যালয়,বাগমারা, রাজশাহী","উপজেলা মহিলা বিষয়ক কর্মকর্তা",রাজশাহী,রাজশাহী,বাগমারা,,,,"বাগমারা, রাজশাহী"
"উপজেলা মহিলা বিষয়ক কর্মকর্তার কার্যালয়,চারঘাট, রাজশাহী","উপজেলা মহিলা বিষয়ক কর্মকর্তা",রাজশাহী,রাজশাহী,চারঘাট,,,,"চারঘাট, রাজশাহী"
"উপজেলা মহিলা বিষয়ক কর্মকর্তার কার্যালয়,দূর্গাপুর, রাজশাহী","উপজেলা মহিলা বিষয়ক কর্মকর্তা",রাজশাহী,রাজশাহী,দূর্গাপুর,,,,"দূর্গাপুর, রাজশাহী"
"উপজেলা মহিলা বিষয়ক কর্মকর্তার কার্যালয়,গোদাগাড়ি, রাজশাহী","উপজেলা মহিলা বিষয়ক কর্মকর্তা",রাজশাহী,রাজশাহী,গোদাগাড়ী,,,,"গোদাগাড়ি, রাজশাহী"
"উপজেলা মহিলা বিষয়ক কর্মকর্তার কার্যালয়,মোহনপুর, রাজশাহী","উপজেলা মহিলা বিষয়ক কর্মকর্তা",রাজশাহী,রাজশাহী,মোহনপুর,,,,"মোহনপুর, রাজশাহী"
"উপজেলা মহিলা বিষয়ক কর্মকর্তার কার্যালয়,পবা, রাজশাহী","উপজেলা মহিলা বিষয়ক কর্মকর্তা",রাজশাহী,রাজশাহী,পবা,,,,"পবা, রাজশাহী"
"উপজেলা মহিলা বিষয়ক কর্মকর্তার কার্যালয়,পুটিয়া, রাজশাহী","উপজেলা মহিলা বিষয়ক কর্মকর্তা",রাজশাহী,রাজশাহী,পুঠিয়া,,,,"পুটিয়া, রাজশাহী"
"উপজেলা মহিলা বিষয়ক কর্মকর্তার কার্যালয়,তানোর, রাজশাহী","উপজেলা মহিলা বিষয়ক কর্মকর্তা",রাজশাহী,রাজশাহী,তানোর,,,,"তানোর, রাজশাহী"
"উপপরিচালকের কার্যালয়",উপপরিচালক,রাজশাহী,সিরাজগঞ্জ,বেলকুচি,,,,
"উপজেলা মহিলা বিষয়ক কর্মকর্তার কার্যালয়,বেলকুচি, সিরাজগঞ্জ","উপজেলা মহিলা বিষয়ক কর্মকর্তা",রাজশাহী,সিরাজগঞ্জ,বেলকুচি,,,,"বেলকুচি, সিরাজগঞ্জ"
"উপজেলা মহিলা বিষয়ক কর্মকর্তার কার্যালয়,চৌহালি, সিরাজগঞ্জ","উপজেলা মহিলা বিষয়ক কর্মকর্তা",রাজশাহী,সিরাজগঞ্জ,চৌহালী,,,,"চৌহালি, সিরাজগঞ্জ"
"উপজেলা মহিলা বিষয়ক কর্মকর্তার কার্যালয়,কামারখন্দ, সিরাজগঞ্জ","উপজেলা মহিলা বিষয়ক কর্মকর্তা",রাজশাহী,সিরাজগঞ্জ,কামারখন্দ,,,,"কামারখন্দ, সিরাজগঞ্জ"
"উপজেলা মহিলা বিষয়ক কর্মকর্তার কার্যালয়,কাজীপুর, সিরাজগঞ্জ","উপজেলা মহিলা বিষয়ক কর্মকর্তা",রাজশাহী,সিরাজগঞ্জ,কাজীপুর,,,,"কাজীপুর, সিরাজগঞ্জ"
"উপজেলা মহিলা বিষয়ক কর্মকর্তার কার্যালয়,রায়গঞ্জ, সিরাজগঞ্জ","উপজেলা মহিলা বিষয়ক কর্মকর্তা",রাজশাহী,সিরাজগঞ্জ,রায়গঞ্জ,,,,"রায়গঞ্জ, সিরাজগঞ্জ"
"উপজেলা মহিলা বিষয়ক কর্মকর্তার কার্যালয়,শাহজাদপুর, সিরাজগঞ্জ","উপজেলা মহিলা বিষয়ক কর্মকর্তা",রাজশাহী,সিরাজগঞ্জ,শাহাজাদপুর,,,,"শাহজাদপুর, সিরাজগঞ্জ"
"উপজেলা মহিলা বিষয়ক কর্মকর্তার কার্যালয়,তারাশ, সিরাজগঞ্জ","উপজেলা মহিলা বিষয়ক কর্মকর্তা",রাজশাহী,সিরাজগঞ্জ,তাড়াশ,,,,"তারাশ, সিরাজগঞ্জ"
"উপজেলা মহিলা বিষয়ক কর্মকর্তার কার্যালয়,উল্লাপাড়া, সিরাজগঞ্জ","উপজেলা মহিলা বিষয়ক কর্মকর্তা",রাজশাহী,সিরাজগঞ্জ,"উল্লা পাড়া",,,,"উল্লাপাড়া, সিরাজগঞ্জ"
"উপজেলা মহিলা বিষয়ক কর্মকর্তার কার্যালয়,নবাবগঞ্জ, ঢাকা।","উপজেলা মহিলা বিষয়ক কর্মকর্তা",রংপুর,দিনাজপুর,নবাবগঞ্জ,,,,"নবাবগঞ্জ, ঢাকা।"
"উপপরিচালকের কার্যালয়",উপপরিচালক,রংপুর,দিনাজপুর,নবাবগঞ্জ,,,,
"উপজেলা মহিলা বিষয়ক কর্মকর্তার কার্যালয়,বিরামপুর, দিনাজপুর","উপজেলা মহিলা বিষয়ক কর্মকর্তা",রংপুর,দিনাজপুর,বিরামপুর,,,,"বিরামপুর, দিনাজপুর"
"উপজেলা মহিলা বিষয়ক কর্মকর্তার কার্যালয়,বীরগঞ্জ, দিনাজপুর","উপজেলা মহিলা বিষয়ক কর্মকর্তা",রংপুর,দিনাজপুর,বীরগঞ্জ,,,,"বীরগঞ্জ, দিনাজপুর"
"উপজেলা মহিলা বিষয়ক কর্মকর্তার কার্যালয়,বিরল, দিনাজপুর","উপজেলা মহিলা বিষয়ক কর্মকর্তা",রংপুর,দিনাজপুর,বিরল,,,,"বিরল, দিনাজপুর"
"উপজেলা মহিলা বিষয়ক কর্মকর্তার কার্যালয়,বোচাগঞ্জ, দিনাজপুর","উপজেলা মহিলা বিষয়ক কর্মকর্তা",রংপুর,দিনাজপুর,বোচাগঞ্জ,,,,"বোচাগঞ্জ, দিনাজপুর"
"উপজেলা মহিলা বিষয়ক কর্মকর্তার কার্যালয়,চিরিরবন্দর, দিনাজপুর","উপজেলা মহিলা বিষয়ক কর্মকর্তা",রংপুর,দিনাজপুর,চিরিরবন্দর,,,,"চিরিরবন্দর, দিনাজপুর"
"উপজেলা মহিলা বিষয়ক কর্মকর্তার কার্যালয়,ফুলবাড়ী, দিনাজপুর","উপজেলা মহিলা বিষয়ক কর্মকর্তা",রংপুর,দিনাজপুর,ফুলবাড়ী,,,,"ফুলবাড়ী, দিনাজপুর"
"উপজেলা মহিলা বিষয়ক কর্মকর্তার কার্যালয়,ঘোড়াঘাট, দিনাজপুর","উপজেলা মহিলা বিষয়ক কর্মকর্তা",রংপুর,দিনাজপুর,ঘোড়াঘাট,,,,"ঘোড়াঘাট, দিনাজপুর"
"উপজেলা মহিলা বিষয়ক কর্মকর্তার কার্যালয়,হাকিমপুর, দিনাজপুর","উপজেলা মহিলা বিষয়ক কর্মকর্তা",রংপুর,দিনাজপুর,হাকিমপুর,,,,"হাকিমপুর, দিনাজপুর"
"উপজেলা মহিলা বিষয়ক কর্মকর্তার কার্যালয়,কাহারোল, দিনাজপুর","উপজেলা মহিলা বিষয়ক কর্মকর্তা",রংপুর,দিনাজপুর,কাহারোল,,,,"কাহারোল, দিনাজপুর"
"উপজেলা মহিলা বিষয়ক কর্মকর্তার কার্যালয়,খানসামা, দিনাজপুর","উপজেলা মহিলা বিষয়ক কর্মকর্তা",রংপুর,দিনাজপুর,খান্‌সামা,,,,"খানসামা, দিনাজপুর"
"উপজেলা মহিলা বিষয়ক কর্মকর্তার কার্যালয়,নবাবগঞ্জ, দিনাজপুর","উপজেলা মহিলা বিষয়ক কর্মকর্তা",রংপুর,দিনাজপুর,নবাবগঞ্জ,,,,"নবাবগঞ্জ, দিনাজপুর"
"উপজেলা মহিলা বিষয়ক কর্মকর্তার কার্যালয়,পাবর্তীপুর, দিনাজপুর","উপজেলা মহিলা বিষয়ক কর্মকর্তা",রংপুর,দিনাজপুর,পার্বতীপুর,,,,"পাবর্তীপুর, দিনাজপুর"
"উপপরিচালকের কার্যালয়",উপপরিচালক,রংপুর,গাইবান্ধা,ফুলছড়ি,,,,
"উপজেলা মহিলা বিষয়ক কর্মকর্তার কার্যালয়,ফুলছড়ি, গাইবান্ধা","উপজেলা মহিলা বিষয়ক কর্মকর্তা",রংপুর,গাইবান্ধা,ফুলছড়ি,,,,"ফুলছড়ি, গাইবান্ধা"
"উপজেলা মহিলা বিষয়ক কর্মকর্তার কার্যালয়,গোবিন্দগঞ্জ, গাইবান্ধা","উপজেলা মহিলা বিষয়ক কর্মকর্তা",রংপুর,গাইবান্ধা,গোবিন্দগঞ্জ,,,,"গোবিন্দগঞ্জ, গাইবান্ধা"
"উপজেলা মহিলা বিষয়ক কর্মকর্তার কার্যালয়,পলাশবাড়ী, গাইবান্ধা","উপজেলা মহিলা বিষয়ক কর্মকর্তা",রংপুর,গাইবান্ধা,পলাশবাড়ী,,,,"পলাশবাড়ী, গাইবান্ধা"
"উপজেলা মহিলা বিষয়ক কর্মকর্তার কার্যালয়,সাদুল্লাপুর, গাইবান্ধা","উপজেলা মহিলা বিষয়ক কর্মকর্তা",রংপুর,গাইবান্ধা,সাদুল্লাপুর,,,,"সাদুল্লাপুর, গাইবান্ধা"
"উপজেলা মহিলা বিষয়ক কর্মকর্তার কার্যালয়,সাঘাটা, গাইবান্ধা","উপজেলা মহিলা বিষয়ক কর্মকর্তা",রংপুর,গাইবান্ধা,সাঘাটা,,,,"সাঘাটা, গাইবান্ধা"
"উপজেলা মহিলা বিষয়ক কর্মকর্তার কার্যালয়,সুন্দরগঞ্জ, গাইবান্ধা","উপজেলা মহিলা বিষয়ক কর্মকর্তা",রংপুর,গাইবান্ধা,সুন্দরগঞ্জ,,,,"সুন্দরগঞ্জ, গাইবান্ধা"
"উপজেলা মহিলা বিষয়ক কর্মকর্তার কার্যালয়,ভুরুঙ্গমারী, কুড়িগ্রাম","উপজেলা মহিলা বিষয়ক কর্মকর্তা",রংপুর,কুড়িগ্রাম,ভুরুংগামারী,,,,"ভুরুঙ্গমারী, কুড়িগ্রাম"
"উপপরিচালকের কার্যালয়",উপপরিচালক,রংপুর,কুড়িগ্রাম,ভুরুংগামারী,,,,
"উপজেলা মহিলা বিষয়ক কর্মকর্তার কার্যালয়,রাজিবপুর, কুড়িগ্রাম","উপজেলা মহিলা বিষয়ক কর্মকর্তা",রংপুর,কুড়িগ্রাম,রাজিবপুর,,,,"রাজিবপুর, কুড়িগ্রাম"
"উপজেলা মহিলা বিষয়ক কর্মকর্তার কার্যালয়,চিলমারী, কুড়িগ্রাম","উপজেলা মহিলা বিষয়ক কর্মকর্তা",রংপুর,কুড়িগ্রাম,চিলমারী,wwe,015656565656,email@email.com,"চিলমারী, কুড়িগ্রাম"
"উপজেলা মহিলা বিষয়ক কর্মকর্তার কার্যালয়,ফুলবাড়ী, কুড়িগ্রাম","উপজেলা মহিলা বিষয়ক কর্মকর্তা",রংপুর,কুড়িগ্রাম,ফুলবাড়ী,,,,"ফুলবাড়ী, কুড়িগ্রাম"
"উপজেলা মহিলা বিষয়ক কর্মকর্তার কার্যালয়,নাগেশ্বরী, কুড়িগ্রাম","উপজেলা মহিলা বিষয়ক কর্মকর্তা",রংপুর,কুড়িগ্রাম,নাগেশ্বরী,,,,"নাগেশ্বরী, কুড়িগ্রাম"
"উপজেলা মহিলা বিষয়ক কর্মকর্তার কার্যালয়,রাজারহাট, কুড়িগ্রাম","উপজেলা মহিলা বিষয়ক কর্মকর্তা",রংপুর,কুড়িগ্রাম,রাজারহাট,,,,"রাজারহাট, কুড়িগ্রাম"
"উপজেলা মহিলা বিষয়ক কর্মকর্তার কার্যালয়,রৌমারী, কুড়িগ্রাম","উপজেলা মহিলা বিষয়ক কর্মকর্তা",রংপুর,কুড়িগ্রাম,রৌমারী,,,,"রৌমারী, কুড়িগ্রাম"
"উপজেলা মহিলা বিষয়ক কর্মকর্তার কার্যালয়,উলিপুর, কুড়িগ্রাম","উপজেলা মহিলা বিষয়ক কর্মকর্তা",রংপুর,কুড়িগ্রাম,উলিপুর,,,,"উলিপুর, কুড়িগ্রাম"
"উপজেলা মহিলা বিষয়ক কর্মকর্তার কার্যালয়,আদিতমারী, লালমনিরহাট","উপজেলা মহিলা বিষয়ক কর্মকর্তা",রংপুর,লালমনিরহাট,আদিতমারী,,,,"আদিতমারী, লালমনিরহাট"
"উপপরিচালকের কার্যালয়",উপপরিচালক,রংপুর,লালমনিরহাট,আদিতমারী,,,,
"উপজেলা মহিলা বিষয়ক কর্মকর্তার কার্যালয়,হাতীবান্ধা, লালমনিরহাট","উপজেলা মহিলা বিষয়ক কর্মকর্তা",রংপুর,লালমনিরহাট,হাতীবান্ধা,,,,"হাতীবান্ধা, লালমনিরহাট"
"উপজেলা মহিলা বিষয়ক কর্মকর্তার কার্যালয়,কালীগঞ্জ, লালমনিরহাট","উপজেলা মহিলা বিষয়ক কর্মকর্তা",রংপুর,লালমনিরহাট,কালীগঞ্জ,,,,"কালীগঞ্জ, লালমনিরহাট"
"উপজেলা মহিলা বিষয়ক কর্মকর্তার কার্যালয়,কালিগঞ্জ, লালমনিরহাট","উপজেলা মহিলা বিষয়ক কর্মকর্তা",রংপুর,লালমনিরহাট,কালীগঞ্জ,,,,"কালিগঞ্জ, লালমনিরহাট"
"উপজেলা মহিলা বিষয়ক কর্মকর্তার কার্যালয়,পাটগ্রাম, লালমনিরহাট","উপজেলা মহিলা বিষয়ক কর্মকর্তা",রংপুর,লালমনিরহাট,পাটগ্রাম,,,,"পাটগ্রাম, লালমনিরহাট"
"উপজেলা মহিলা বিষয়ক কর্মকর্তার কার্যালয়,ডিমলা, নীলফামারী","উপজেলা মহিলা বিষয়ক কর্মকর্তা",রংপুর,নীলফামারী,ডিমলা,,,,"ডিমলা, নীলফামারী"
"উপপরিচালকের কার্যালয়",উপপরিচালক,রংপুর,নীলফামারী,ডিমলা,,,,
"উপজেলা মহিলা বিষয়ক কর্মকর্তার কার্যালয়,জলঢাকা, নীলফামারী","উপজেলা মহিলা বিষয়ক কর্মকর্তা",রংপুর,নীলফামারী,জলঢাকা,,,,"জলঢাকা, নীলফামারী"
"উপজেলা মহিলা বিষয়ক কর্মকর্তার কার্যালয়,কিশোরগঞ্জ, নীলফামারী","উপজেলা মহিলা বিষয়ক কর্মকর্তা",রংপুর,নীলফামারী,কিশোরগঞ্জ,,,,"কিশোরগঞ্জ, নীলফামারী"
"উপজেলা মহিলা বিষয়ক কর্মকর্তার কার্যালয়,সৈয়দপুর, নীলফামারী","উপজেলা মহিলা বিষয়ক কর্মকর্তা",রংপুর,নীলফামারী,সৈয়দপুর,,,,"সৈয়দপুর, নীলফামারী"
"উপজেলা মহিলা বিষয়ক কর্মকর্তার কার্যালয়,আটোয়ারী, পঞ্চগড়","উপজেলা মহিলা বিষয়ক কর্মকর্তা",রংপুর,পঞ্চগড়,আটোয়ারী,,,,"আটোয়ারী, পঞ্চগড়"
"উপপরিচালকের কার্যালয়",উপপরিচালক,রংপুর,পঞ্চগড়,আটোয়ারী,,,,
"উপজেলা মহিলা বিষয়ক কর্মকর্তার কার্যালয়,বোদা, পঞ্চগড়","উপজেলা মহিলা বিষয়ক কর্মকর্তা",রংপুর,পঞ্চগড়,বোদা,,,,"বোদা, পঞ্চগড়"
"উপজেলা মহিলা বিষয়ক কর্মকর্তার কার্যালয়,দেবীগঞ্জ, পঞ্চগড়","উপজেলা মহিলা বিষয়ক কর্মকর্তা",রংপুর,পঞ্চগড়,দেবীগঞ্জ,,,,"দেবীগঞ্জ, পঞ্চগড়"
"উপজেলা মহিলা বিষয়ক কর্মকর্তার কার্যালয়,তেতুলিয়া, পঞ্চগড়","উপজেলা মহিলা বিষয়ক কর্মকর্তা",রংপুর,পঞ্চগড়,তেঁতুলিয়া,,,,"তেতুলিয়া, পঞ্চগড়"
"উপপরিচালকের কার্যালয়",উপপরিচালক,রংপুর,রংপুর,বদরগঞ্জ,,,,
"উপজেলা মহিলা বিষয়ক কর্মকর্তার কার্যালয়,বন্দরগঞ্জ, রংপুর","উপজেলা মহিলা বিষয়ক কর্মকর্তা",রংপুর,রংপুর,বদরগঞ্জ,,,,"বন্দরগঞ্জ, রংপুর"
"উপজেলা মহিলা বিষয়ক কর্মকর্তার কার্যালয়,গংগাচড়া, রংপুর","উপজেলা মহিলা বিষয়ক কর্মকর্তা",রংপুর,রংপুর,গংগাচড়া,,,,"গংগাচড়া, রংপুর"
"উপজেলা মহিলা বিষয়ক কর্মকর্তার কার্যালয়,কাউনিয়া, রংপুর","উপজেলা মহিলা বিষয়ক কর্মকর্তা",রংপুর,রংপুর,কাউনিয়া,,,,"কাউনিয়া, রংপুর"
"উপজেলা মহিলা বিষয়ক কর্মকর্তার কার্যালয়,মিঠাপুকুর, রংপুর","উপজেলা মহিলা বিষয়ক কর্মকর্তা",রংপুর,রংপুর,মিঠাপুকুর,,,,"মিঠাপুকুর, রংপুর"
"উপজেলা মহিলা বিষয়ক কর্মকর্তার কার্যালয়,পীরগাছা, রংপুর","উপজেলা মহিলা বিষয়ক কর্মকর্তা",রংপুর,রংপুর,পীরগাছা,,,,"পীরগাছা, রংপুর"
"উপজেলা মহিলা বিষয়ক কর্মকর্তার কার্যালয়,পীরগঞ্জ, রংপুর","উপজেলা মহিলা বিষয়ক কর্মকর্তা",রংপুর,রংপুর,পীরগঞ্জ,,,,"পীরগঞ্জ, রংপুর"
"উপজেলা মহিলা বিষয়ক কর্মকর্তার কার্যালয়,তারাগঞ্জ, রংপুর","উপজেলা মহিলা বিষয়ক কর্মকর্তা",রংপুর,রংপুর,তারাগঞ্জ,,,,"তারাগঞ্জ, রংপুর"
"উপজেলা মহিলা বিষয়ক কর্মকর্তার কার্যালয়,বালিয়াডাঙ্গি, ঠাকুরগাঁও","উপজেলা মহিলা বিষয়ক কর্মকর্তা",রংপুর,ঠাকুরগাঁও,বালিয়াডাংগী,,,,"বালিয়াডাঙ্গি, ঠাকুরগাঁও"
"উপপরিচালকের কার্যালয়",উপপরিচালক,রংপুর,ঠাকুরগাঁও,বালিয়াডাংগী,,,,
"উপজেলা মহিলা বিষয়ক কর্মকর্তার কার্যালয়,হরিপুর, ঠাকুরগাঁও","উপজেলা মহিলা বিষয়ক কর্মকর্তা",রংপুর,ঠাকুরগাঁও,হরিপুর,,,,"হরিপুর, ঠাকুরগাঁও"
"উপজেলা মহিলা বিষয়ক কর্মকর্তার কার্যালয়,পীরগঞ্জ, ঠাকুরগাঁও","উপজেলা মহিলা বিষয়ক কর্মকর্তা",রংপুর,ঠাকুরগাঁও,পীরগঞ্জ,,,,"পীরগঞ্জ, ঠাকুরগাঁও"
"উপজেলা মহিলা বিষয়ক কর্মকর্তার কার্যালয়,রানীশংকৈল, ঠাকুরগাঁও","উপজেলা মহিলা বিষয়ক কর্মকর্তা",রংপুর,ঠাকুরগাঁও,রানীশংকাইল,,,,"রানীশংকৈল, ঠাকুরগাঁও"
"উপপরিচালকের কার্যালয়",উপপরিচালক,খুলনা,বাগেরহাট,"বাগেরহাট সদর",,,,
"উপজেলা মহিলা বিষয়ক কর্মকর্তার কার্যালয়,চিতলমারী, বাগেরহাট","উপজেলা মহিলা বিষয়ক কর্মকর্তা",খুলনা,বাগেরহাট,চিতলমারী,,,,"চিতলমারী, বাগেরহাট"
"উপজেলা মহিলা বিষয়ক কর্মকর্তার কার্যালয়,ফকিরহাট, বাগেরহাট","উপজেলা মহিলা বিষয়ক কর্মকর্তা",খুলনা,বাগেরহাট,ফকিরহাট,,,,"ফকিরহাট, বাগেরহাট"
"উপজেলা মহিলা বিষয়ক কর্মকর্তার কার্যালয়,কচুয়া, বাগেরহাট","উপজেলা মহিলা বিষয়ক কর্মকর্তা",খুলনা,বাগেরহাট,কচুয়া,,,,"কচুয়া, বাগেরহাট"
"উপজেলা মহিলা বিষয়ক কর্মকর্তার কার্যালয়,মোল্লারহাট, বাগেরহাট","উপজেলা মহিলা বিষয়ক কর্মকর্তা",খুলনা,বাগেরহাট,মোল্লাহাট,,,,"মোল্লারহাট, বাগেরহাট"
"উপজেলা মহিলা বিষয়ক কর্মকর্তার কার্যালয়,মংলা, বাগেরহাট","উপজেলা মহিলা বিষয়ক কর্মকর্তা",খুলনা,বাগেরহাট,মোংলা,,,,"মংলা, বাগেরহাট"
"উপজেলা মহিলা বিষয়ক কর্মকর্তার কার্যালয়,মোড়েলগঞ্জ, বাগেরহাট","উপজেলা মহিলা বিষয়ক কর্মকর্তা",খুলনা,বাগেরহাট,মোড়লগঞ্জ,,,,"মোড়েলগঞ্জ, বাগেরহাট"
"উপজেলা মহিলা বিষয়ক কর্মকর্তার কার্যালয়,রামপাল, বাগেরহাট","উপজেলা মহিলা বিষয়ক কর্মকর্তা",খুলনা,বাগেরহাট,রামপাল,,,,"রামপাল, বাগেরহাট"
"উপজেলা মহিলা বিষয়ক কর্মকর্তার কার্যালয়,শরলখোলা, বাগেরহাট","উপজেলা মহিলা বিষয়ক কর্মকর্তা",খুলনা,বাগেরহাট,শরণখোলা,,,,"শরলখোলা, বাগেরহাট"
"উপপরিচালকের কার্যালয়",উপপরিচালক,খুলনা,চুয়াডাঙ্গা,আলমডাংগা,,,,
"উপজেলা মহিলা বিষয়ক কর্মকর্তার কার্যালয়,আলমডাঙ্গা, চুয়াডাঙ্গা","উপজেলা মহিলা বিষয়ক কর্মকর্তা",খুলনা,চুয়াডাঙ্গা,আলমডাংগা,,,,"আলমডাঙ্গা, চুয়াডাঙ্গা"
"উপজেলা মহিলা বিষয়ক কর্মকর্তার কার্যালয়,দামুড়হুদা, চুয়াডাঙ্গা","উপজেলা মহিলা বিষয়ক কর্মকর্তা",খুলনা,চুয়াডাঙ্গা,দামুরহুদা,,,,"দামুড়হুদা, চুয়াডাঙ্গা"
"উপজেলা মহিলা বিষয়ক কর্মকর্তার কার্যালয়,জীবননগর, চুয়াডাঙ্গা","উপজেলা মহিলা বিষয়ক কর্মকর্তা",খুলনা,চুয়াডাঙ্গা,"জীবন নগর",,,,"জীবননগর, চুয়াডাঙ্গা"
"উপজেলা মহিলা বিষয়ক কর্মকর্তার কার্যালয়,অভয়নগর, যশোর","উপজেলা মহিলা বিষয়ক কর্মকর্তা",খুলনা,যশোর,অভয়নগর,,,,"অভয়নগর, যশোর"
"উপপরিচালকের কার্যালয়",উপপরিচালক,খুলনা,যশোর,অভয়নগর,,,,
"উপজেলা মহিলা বিষয়ক কর্মকর্তার কার্যালয়,বাঘারপাড়া, যশোর","উপজেলা মহিলা বিষয়ক কর্মকর্তা",খুলনা,যশোর,বাঘারপাড়া,,,,"বাঘারপাড়া, যশোর"
"উপজেলা মহিলা বিষয়ক কর্মকর্তার কার্যালয়,চৌগাছা, যশোর","উপজেলা মহিলা বিষয়ক কর্মকর্তা",খুলনা,যশোর,চৌগাছা,,,,"চৌগাছা, যশোর"
"উপজেলা মহিলা বিষয়ক কর্মকর্তার কার্যালয়,ঝিকরগাছা, যশোর","উপজেলা মহিলা বিষয়ক কর্মকর্তা",খুলনা,যশোর,ঝিকরগাছা,,,,"ঝিকরগাছা, যশোর"
"উপজেলা মহিলা বিষয়ক কর্মকর্তার কার্যালয়,কেশবপুর, যশোর","উপজেলা মহিলা বিষয়ক কর্মকর্তা",খুলনা,যশোর,কেশবপুর,,,,"কেশবপুর, যশোর"
"উপজেলা মহিলা বিষয়ক কর্মকর্তার কার্যালয়,মনিরামপুর, যশোর","উপজেলা মহিলা বিষয়ক কর্মকর্তা",খুলনা,যশোর,মনিরামপুর,,,,"মনিরামপুর, যশোর"
"উপজেলা মহিলা বিষয়ক কর্মকর্তার কার্যালয়,শার্শা, যশোর","উপজেলা মহিলা বিষয়ক কর্মকর্তা",খুলনা,যশোর,শার্শা,,,,"শার্শা, যশোর"
"উপপরিচালকের কার্যালয়",উপপরিচালক,খুলনা,ঝিনাইদাহ,হরিনাকুন্ডু,,,,
"উপজেলা মহিলা বিষয়ক কর্মকর্তার কার্যালয়,হরিণাকুন্ডু, ঝিনাইদহ","উপজেলা মহিলা বিষয়ক কর্মকর্তা",খুলনা,ঝিনাইদাহ,হরিনাকুন্ডু,,,,"হরিণাকুন্ডু, ঝিনাইদহ"
"উপজেলা মহিলা বিষয়ক কর্মকর্তার কার্যালয়,কালীগঞ্জ, ঝিনাইদহ","উপজেলা মহিলা বিষয়ক কর্মকর্তা",খুলনা,ঝিনাইদাহ,কালীগঞ্জ,,,,"কালীগঞ্জ, ঝিনাইদহ"
"উপজেলা মহিলা বিষয়ক কর্মকর্তার কার্যালয়,কোটচাঁদপুর, ঝিনাইদহ","উপজেলা মহিলা বিষয়ক কর্মকর্তা",খুলনা,ঝিনাইদাহ,কোটচাঁদপুর,,,,"কোটচাঁদপুর, ঝিনাইদহ"
"উপজেলা মহিলা বিষয়ক কর্মকর্তার কার্যালয়,মহেশপুর, ঝিনাইদহ","উপজেলা মহিলা বিষয়ক কর্মকর্তা",খুলনা,ঝিনাইদাহ,মহেশপুর,,,,"মহেশপুর, ঝিনাইদহ"
"উপজেলা মহিলা বিষয়ক কর্মকর্তার কার্যালয়,শৈলকুপা, ঝিনাইদহ","উপজেলা মহিলা বিষয়ক কর্মকর্তা",খুলনা,ঝিনাইদাহ,শৈলকুপা,,,,"শৈলকুপা, ঝিনাইদহ"
"উপপরিচালকের কার্যালয়",উপপরিচালক,খুলনা,খুলনা,বটিয়াঘাটা,,,,
"উপজেলা মহিলা বিষয়ক কর্মকর্তার কার্যালয়,বটিয়াঘাটা, খুলনা","উপজেলা মহিলা বিষয়ক কর্মকর্তা",খুলনা,খুলনা,বটিয়াঘাটা,,,,"বটিয়াঘাটা, খুলনা"
"উপজেলা মহিলা বিষয়ক কর্মকর্তার কার্যালয়,দা-কোপ, খুলনা","উপজেলা মহিলা বিষয়ক কর্মকর্তা",খুলনা,খুলনা,দাকোপ,,,,"দা-কোপ, খুলনা"
"উপজেলা মহিলা বিষয়ক কর্মকর্তার কার্যালয়,ডুমুরিয়া, খুলনা","উপজেলা মহিলা বিষয়ক কর্মকর্তা",খুলনা,খুলনা,ডুমুরিয়া,,,,"ডুমুরিয়া, খুলনা"
"উপজেলা মহিলা বিষয়ক কর্মকর্তার কার্যালয়,দিঘলিয়া, খুলনা","উপজেলা মহিলা বিষয়ক কর্মকর্তা",খুলনা,খুলনা,দিঘলিয়া,,,,"দিঘলিয়া, খুলনা"
"উপজেলা মহিলা বিষয়ক কর্মকর্তার কার্যালয়,কয়রা, খুলনা","উপজেলা মহিলা বিষয়ক কর্মকর্তা",খুলনা,খুলনা,কয়রা,,,,"কয়রা, খুলনা"
"উপজেলা মহিলা বিষয়ক কর্মকর্তার কার্যালয়,পাইকগাছা, খুলনা","উপজেলা মহিলা বিষয়ক কর্মকর্তা",খুলনা,খুলনা,পাইকগাছা,,,,"পাইকগাছা, খুলনা"
"উপজেলা মহিলা বিষয়ক কর্মকর্তার কার্যালয়,ফুলতলা, খুলনা","উপজেলা মহিলা বিষয়ক কর্মকর্তা",খুলনা,খুলনা,ফুলতলা,,,,"ফুলতলা, খুলনা"
"উপজেলা মহিলা বিষয়ক কর্মকর্তার কার্যালয়,রূপসা, খুলনা","উপজেলা মহিলা বিষয়ক কর্মকর্তা",খুলনা,খুলনা,রূপসা,,,,"রূপসা, খুলনা"
"উপজেলা মহিলা বিষয়ক কর্মকর্তার কার্যালয়,তেরখাদা, খুলনা","উপজেলা মহিলা বিষয়ক কর্মকর্তা",খুলনা,খুলনা,তেরখাদা,,,,"তেরখাদা, খুলনা"
"উপজেলা মহিলা বিষয়ক কর্মকর্তার কার্যালয়,ভেড়ামারা, কুষ্টিয়া","উপজেলা মহিলা বিষয়ক কর্মকর্তা",খুলনা,কুষ্টিয়া,ভেড়ামারা,,,,"ভেড়ামারা, কুষ্টিয়া"
"উপপরিচালকের কার্যালয়",উপপরিচালক,খুলনা,কুষ্টিয়া,ভেড়ামারা,,,,
"উপজেলা মহিলা বিষয়ক কর্মকর্তার কার্যালয়,দৌলতপুর, কুষ্টিয়া","উপজেলা মহিলা বিষয়ক কর্মকর্তা",খুলনা,কুষ্টিয়া,দৌলতপুর,,,,"দৌলতপুর, কুষ্টিয়া"
"উপজেলা মহিলা বিষয়ক কর্মকর্তার কার্যালয়,খোকসা, কুষ্টিয়া","উপজেলা মহিলা বিষয়ক কর্মকর্তা",খুলনা,কুষ্টিয়া,খোক্‌সা,,,,"খোকসা, কুষ্টিয়া"
"উপজেলা মহিলা বিষয়ক কর্মকর্তার কার্যালয়,কুমারখালী, কুষ্টিয়া","উপজেলা মহিলা বিষয়ক কর্মকর্তা",খুলনা,কুষ্টিয়া,কুমারখালী,,,,"কুমারখালী, কুষ্টিয়া"
"উপজেলা মহিলা বিষয়ক কর্মকর্তার কার্যালয়,মিরপুর, কুষ্টিয়া","উপজেলা মহিলা বিষয়ক কর্মকর্তা",খুলনা,কুষ্টিয়া,মিরপুর,,,,"মিরপুর, কুষ্টিয়া"
"উপপরিচালকের কার্যালয়",উপপরিচালক,খুলনা,মাগুরা,"মাগুরা সদর",,,,
"উপজেলা মহিলা বিষয়ক কর্মকর্তার কার্যালয়,মোহাম্মদপুর, মাগুড়া","উপজেলা মহিলা বিষয়ক কর্মকর্তা",খুলনা,মাগুরা,মোহাম্মদপুর,,,,"মোহাম্মদপুর, মাগুড়া"
"উপজেলা মহিলা বিষয়ক কর্মকর্তার কার্যালয়,শালিখা, মাগুড়া","উপজেলা মহিলা বিষয়ক কর্মকর্তা",খুলনা,মাগুরা,শালিখা,,,,"শালিখা, মাগুড়া"
"উপজেলা মহিলা বিষয়ক কর্মকর্তার কার্যালয়,শ্রীপুর, মাগুড়া","উপজেলা মহিলা বিষয়ক কর্মকর্তা",খুলনা,মাগুরা,শ্রীপুর,,,,"শ্রীপুর, মাগুড়া"
"উপজেলা মহিলা বিষয়ক কর্মকর্তার কার্যালয়, শ্রীপুর,শ্রীপুর, মাগুড়া","উপজেলা মহিলা বিষয়ক কর্মকর্তা",খুলনা,মাগুরা,শ্রীপুর,,,,"শ্রীপুর, মাগুড়া"
"উপপরিচালকের কার্যালয়",উপপরিচালক,খুলনা,মেহেরপুর,গাংনী,,,,
"উপজেলা মহিলা বিষয়ক কর্মকর্তার কার্যালয়,গাংনী, মেহেরপুর","উপজেলা মহিলা বিষয়ক কর্মকর্তা",খুলনা,মেহেরপুর,গাংনী,,,,"গাংনী, মেহেরপুর"
"উপজেলা মহিলা বিষয়ক কর্মকর্তার কার্যালয়,মুজিবনগর, মেহেরপুর","উপজেলা মহিলা বিষয়ক কর্মকর্তা",খুলনা,মেহেরপুর,"মজিব নগর",,,,"মুজিবনগর, মেহেরপুর"
"উপপরিচালকের কার্যালয়",উপপরিচালক,খুলনা,নড়াইল,কালিয়া,,,,
"উপজেলা মহিলা বিষয়ক কর্মকর্তার কার্যালয়,কালিয়া, নড়াইল","উপজেলা মহিলা বিষয়ক কর্মকর্তা",খুলনা,নড়াইল,কালিয়া,,,,"কালিয়া, নড়াইল"
"উপজেলা মহিলা বিষয়ক কর্মকর্তার কার্যালয়,লোহাগড়া, নড়াইল","উপজেলা মহিলা বিষয়ক কর্মকর্তা",খুলনা,নড়াইল,লোহাগড়া,,,,"লোহাগড়া, নড়াইল"
"উপজেলা মহিলা বিষয়ক কর্মকর্তার কার্যালয়,আশাশুনি, সাতক্ষীরা","উপজেলা মহিলা বিষয়ক কর্মকর্তা",খুলনা,সাতক্ষীরা,আশাশুনি,,,,"আশাশুনি, সাতক্ষীরা"
"উপজেলা মহিলা বিষয়ক কর্মকর্তার কার্যালয়,দেবহাটা, সাতক্ষীরা","উপজেলা মহিলা বিষয়ক কর্মকর্তা",খুলনা,সাতক্ষীরা,দেবহাটা,,,,"দেবহাটা, সাতক্ষীরা"
"উপজেলা মহিলা বিষয়ক কর্মকর্তার কার্যালয়,কলারোয়া, সাতক্ষীরা","উপজেলা মহিলা বিষয়ক কর্মকর্তা",খুলনা,সাতক্ষীরা,কলারোয়া,,,,"কলারোয়া, সাতক্ষীরা"
"উপজেলা মহিলা বিষয়ক কর্মকর্তার কার্যালয়,কালিগঞ্জ, সাতক্ষীরা","উপজেলা মহিলা বিষয়ক কর্মকর্তা",খুলনা,সাতক্ষীরা,কালিগঞ্জ,,,,"কালিগঞ্জ, সাতক্ষীরা"
"উপজেলা মহিলা বিষয়ক কর্মকর্তার কার্যালয়,কালীগঞ্জ, সাতক্ষীরা","উপজেলা মহিলা বিষয়ক কর্মকর্তা",খুলনা,সাতক্ষীরা,কালিগঞ্জ,,,,"কালীগঞ্জ, সাতক্ষীরা"
"উপজেলা মহিলা বিষয়ক কর্মকর্তার কার্যালয়,শ্যামনগর, সাতক্ষীরা","উপজেলা মহিলা বিষয়ক কর্মকর্তা",খুলনা,সাতক্ষীরা,শ্যামনগর,,,,"শ্যামনগর, সাতক্ষীরা"
"উপজেলা মহিলা বিষয়ক কর্মকর্তার কার্যালয়,তালা, সাতক্ষীরা","উপজেলা মহিলা বিষয়ক কর্মকর্তা",খুলনা,সাতক্ষীরা,তালা,,,,"তালা, সাতক্ষীরা"
"উপজেলা মহিলা বিষয়ক কর্মকর্তার কার্যালয়,আমতলী, বরগুনা","উপজেলা মহিলা বিষয়ক কর্মকর্তা",বরিশাল,বরগুনা,আমতলী,,,,"আমতলী, বরগুনা"
"উপপরিচালকের কার্যালয়",উপপরিচালক,বরিশাল,বরগুনা,আমতলী,,,,
"উপজেলা মহিলা বিষয়ক কর্মকর্তার কার্যালয়,বামনা, বরগুনা","উপজেলা মহিলা বিষয়ক কর্মকর্তা",বরিশাল,বরগুনা,বামনা,,,,"বামনা, বরগুনা"
"উপজেলা মহিলা বিষয়ক কর্মকর্তার কার্যালয়,বেতাগী, বরগুনা","উপজেলা মহিলা বিষয়ক কর্মকর্তা",বরিশাল,বরগুনা,বেতাগী,,,,"বেতাগী, বরগুনা"
"উপজেলা মহিলা বিষয়ক কর্মকর্তার কার্যালয়,পাথরঘাটা, বরগুনা","উপজেলা মহিলা বিষয়ক কর্মকর্তা",বরিশাল,বরগুনা,পাথরঘাটা,,,,"পাথরঘাটা, বরগুনা"
"উপজেলা মহিলা বিষয়ক কর্মকর্তার কার্যালয়,তালতলি, বরগুনা","উপজেলা মহিলা বিষয়ক কর্মকর্তা",বরিশাল,বরগুনা,নাসিরনগর,,,,"তালতলি, বরগুনা"
"উপপরিচালকের কার্যালয়",উপপরিচালক,বরিশাল,বরিশাল,আগৈলঝাড়া,,,,
"উপজেলা মহিলা বিষয়ক কর্মকর্তার কার্যালয়,আগৈলঝাড়া, বরিশাল","উপজেলা মহিলা বিষয়ক কর্মকর্তা",বরিশাল,বরিশাল,আগৈলঝাড়া,,,,"আগৈলঝাড়া, বরিশাল"
"উপজেলা মহিলা বিষয়ক কর্মকর্তার কার্যালয়,বাবুগঞ্জ, বরিশাল","উপজেলা মহিলা বিষয়ক কর্মকর্তা",বরিশাল,বরিশাল,বাবুগঞ্জ,,,,"বাবুগঞ্জ, বরিশাল"
"উপজেলা মহিলা বিষয়ক কর্মকর্তার কার্যালয়,বাকেরগঞ্জ, বরিশাল","উপজেলা মহিলা বিষয়ক কর্মকর্তা",বরিশাল,বরিশাল,বাকেরগঞ্জ,,,,"বাকেরগঞ্জ, বরিশাল"
"উপজেলা মহিলা বিষয়ক কর্মকর্তার কার্যালয়,বানারীপাড়া, বরিশাল","উপজেলা মহিলা বিষয়ক কর্মকর্তা",বরিশাল,বরিশাল,"বানারী পাড়া",,,,"বানারীপাড়া, বরিশাল"
"উপজেলা মহিলা বিষয়ক কর্মকর্তার কার্যালয়,গৌরনদী, বরিশাল","উপজেলা মহিলা বিষয়ক কর্মকর্তা",বরিশাল,বরিশাল,গৌরনদী,,,,"গৌরনদী, বরিশাল"
"উপজেলা মহিলা বিষয়ক কর্মকর্তার কার্যালয়,হিজলা, বরিশাল","উপজেলা মহিলা বিষয়ক কর্মকর্তা",বরিশাল,বরিশাল,হিজলা,,,,"হিজলা, বরিশাল"
"উপজেলা মহিলা বিষয়ক কর্মকর্তার কার্যালয়,মেহেন্দীগঞ্জ, বরিশাল","উপজেলা মহিলা বিষয়ক কর্মকর্তা",বরিশাল,বরিশাল,মেহেন্দীগঞ্জ,,,,"মেহেন্দীগঞ্জ, বরিশাল"
"উপজেলা মহিলা বিষয়ক কর্মকর্তার কার্যালয়,মূলাদী, বরিশাল","উপজেলা মহিলা বিষয়ক কর্মকর্তা",বরিশাল,বরিশাল,মুলাদী,,,,"মূলাদী, বরিশাল"
"উপজেলা মহিলা বিষয়ক কর্মকর্তার কার্যালয়,উজিরপুর, বরিশাল","উপজেলা মহিলা বিষয়ক কর্মকর্তা",বরিশাল,বরিশাল,উজিরপুর,,,,"উজিরপুর, বরিশাল"
"উপপরিচালকের কার্যালয়",উপপরিচালক,বরিশাল,ভোলা,"ভোলা সদর",,,,
"উপজেলা মহিলা বিষয়ক কর্মকর্তার কার্যালয়,বোরহানউদ্দিন","উপজেলা মহিলা বিষয়ক কর্মকর্তা",বরিশাল,ভোলা,বোরহানউদ্দীন,,,,বোরহানউদ্দিন
"উপজেলা মহিলা বিষয়ক কর্মকর্তার কার্যালয়,চরফ্যাশন, ভোলা","উপজেলা মহিলা বিষয়ক কর্মকর্তা",বরিশাল,ভোলা,চরফ্যাশন,,,,"চরফ্যাশন, ভোলা"
"উপজেলা মহিলা বিষয়ক কর্মকর্তার কার্যালয়,দৌলতখান, ভোলা","উপজেলা মহিলা বিষয়ক কর্মকর্তা",বরিশাল,ভোলা,"দৌলত খান",,,,"দৌলতখান, ভোলা"
"উপজেলা মহিলা বিষয়ক কর্মকর্তার কার্যালয়,লালমোহন, ভোলা","উপজেলা মহিলা বিষয়ক কর্মকর্তা",বরিশাল,ভোলা,লালমোহন,,,,"লালমোহন, ভোলা"
"উপজেলা মহিলা বিষয়ক কর্মকর্তার কার্যালয়,মনপুরা, ভোলা","উপজেলা মহিলা বিষয়ক কর্মকর্তা",বরিশাল,ভোলা,মনপুরা,,,,"মনপুরা, ভোলা"
"উপজেলা মহিলা বিষয়ক কর্মকর্তার কার্যালয়,তজুমুদ্দিন, ভোলা","উপজেলা মহিলা বিষয়ক কর্মকর্তা",বরিশাল,ভোলা,তজুমুদ্দিন,,,,"তজুমুদ্দিন, ভোলা"
"উপপরিচালকের কার্যালয়",উপপরিচালক,বরিশাল,ঝালকাঠি,"ঝালকাঠী সদর",,,,
"উপজেলা মহিলা বিষয়ক কর্মকর্তার কার্যালয়,কাঠালিয়া, ঝালকাঠি","উপজেলা মহিলা বিষয়ক কর্মকর্তা",বরিশাল,ঝালকাঠি,কাঠালিয়া,,,,"কাঠালিয়া, ঝালকাঠি"
"উপজেলা মহিলা বিষয়ক কর্মকর্তার কার্যালয়,নলছিটি, ঝালকাঠি","উপজেলা মহিলা বিষয়ক কর্মকর্তা",বরিশাল,ঝালকাঠি,নলছিটি,,,,"নলছিটি, ঝালকাঠি"
"উপজেলা মহিলা বিষয়ক কর্মকর্তার কার্যালয়,রাজাপুর, ঝালকাঠি","উপজেলা মহিলা বিষয়ক কর্মকর্তা",বরিশাল,ঝালকাঠি,রাজাপুর,,,,"রাজাপুর, ঝালকাঠি"
"উপপরিচালকের কার্যালয়",উপপরিচালক,বরিশাল,পটুয়াখালী,বাউফল,,,,
"উপজেলা মহিলা বিষয়ক কর্মকর্তার কার্যালয়,বাউফল, পটুয়াখালী","উপজেলা মহিলা বিষয়ক কর্মকর্তা",বরিশাল,পটুয়াখালী,বাউফল,,,,"বাউফল, পটুয়াখালী"
"উপজেলা মহিলা বিষয়ক কর্মকর্তার কার্যালয়,দশমিনা, পটুয়াখালী","উপজেলা মহিলা বিষয়ক কর্মকর্তা",বরিশাল,পটুয়াখালী,দশ্‌মিনা,,,,"দশমিনা, পটুয়াখালী"
"উপজেলা মহিলা বিষয়ক কর্মকর্তার কার্যালয়,দুমকি, পটুয়াখালী","উপজেলা মহিলা বিষয়ক কর্মকর্তা",বরিশাল,পটুয়াখালী,দুম্‌কী,,,,"দুমকি, পটুয়াখালী"
"উপজেলা মহিলা বিষয়ক কর্মকর্তার কার্যালয়,গলাচিপা, পটুয়াখালী","উপজেলা মহিলা বিষয়ক কর্মকর্তা",বরিশাল,পটুয়াখালী,গলাচিপা,,,,"গলাচিপা, পটুয়াখালী"
"উপজেলা মহিলা বিষয়ক কর্মকর্তার কার্যালয়,কলাপাড়া, পটুয়াখালী","উপজেলা মহিলা বিষয়ক কর্মকর্তা",বরিশাল,পটুয়াখালী,কলাপাড়া,,,,"কলাপাড়া, পটুয়াখালী"
"উপজেলা মহিলা বিষয়ক কর্মকর্তার কার্যালয়,মির্জীগঞ্জ, পটুয়াখালী","উপজেলা মহিলা বিষয়ক কর্মকর্তা",বরিশাল,পটুয়াখালী,মির্জাগঞ্জ,,,,"মির্জীগঞ্জ, পটুয়াখালী"
"উপজেলা মহিলা বিষয়ক কর্মকর্তার কার্যালয়,রাঙ্গাবালি, পটুয়াখালী","উপজেলা মহিলা বিষয়ক কর্মকর্তা",বরিশাল,পটুয়াখালী,Rangabali,,,,"রাঙ্গাবালি, পটুয়াখালী"
"উপজেলা মহিলা বিষয়ক কর্মকর্তার কার্যালয়,ভান্ডারিয়া, পিরোজপুর","উপজেলা মহিলা বিষয়ক কর্মকর্তা",বরিশাল,পিরোজপুর,ভান্ডারিয়া,,,,"ভান্ডারিয়া, পিরোজপুর"
"উপপরিচালকের কার্যালয়",উপপরিচালক,বরিশাল,পিরোজপুর,ভান্ডারিয়া,,,,
"উপজেলা মহিলা বিষয়ক কর্মকর্তার কার্যালয়,কাউখালি, পিরোজপুর","উপজেলা মহিলা বিষয়ক কর্মকর্তা",বরিশাল,পিরোজপুর,কাউখালী,,,,"কাউখালি, পিরোজপুর"
"উপজেলা মহিলা বিষয়ক কর্মকর্তার কার্যালয়,মঠবাড়ীয়া, পিরোজপুর","উপজেলা মহিলা বিষয়ক কর্মকর্তা",বরিশাল,পিরোজপুর,মঠবাড়ীয়া,,,,"মঠবাড়ীয়া, পিরোজপুর"
"উপজেলা মহিলা বিষয়ক কর্মকর্তার কার্যালয়,নাজিরপুর, পিরোজপুর","উপজেলা মহিলা বিষয়ক কর্মকর্তা",বরিশাল,পিরোজপুর,নাজিরপুর,dwe,015656565656,ss@yahoo.com,"নাজিরপুর, পিরোজপুর"
"উপজেলা মহিলা বিষয়ক কর্মকর্তার কার্যালয়,নেছারাবাদ, পিরোজপুর","উপজেলা মহিলা বিষয়ক কর্মকর্তা",বরিশাল,পিরোজপুর,নেছারাবাদ(স্বরূপকাঠী),,,,"নেছারাবাদ, পিরোজপুর"
"উপজেলা মহিলা বিষয়ক কর্মকর্তার কার্যালয়,ইন্দুরকানি, পিরোজপুর","উপজেলা মহিলা বিষয়ক কর্মকর্তা",বরিশাল,পিরোজপুর,জিয়ানগর,,,,"ইন্দুরকানি, পিরোজপুর"
"উপজেলা মহিলা বিষয়ক কর্মকর্তার কার্যালয়,আজমিরীগঞ্জ, হবিগঞ্জ","উপজেলা মহিলা বিষয়ক কর্মকর্তা",সিলেট,হবিগঞ্জ,আজমিরিগঞ্জ,,,,"আজমিরীগঞ্জ, হবিগঞ্জ"
"উপজেলা মহিলা বিষয়ক কর্মকর্তার কার্যালয়,আজমিরিগিঞ্জ, হবিগঞ্জ","উপজেলা মহিলা বিষয়ক কর্মকর্তা",সিলেট,হবিগঞ্জ,আজমিরিগঞ্জ,,,,"আজমিরিগিঞ্জ, হবিগঞ্জ"
"উপপরিচালকের কার্যালয়",উপপরিচালক,সিলেট,হবিগঞ্জ,আজমিরিগঞ্জ,,,,
"উপপরিচালকের কার্যালয়",উপপরিচালক,সিলেট,হবিগঞ্জ,আজমিরিগঞ্জ,,,,
"উপজেলা মহিলা বিষয়ক কর্মকর্তার কার্যালয়,বাহুবল, হবিগঞ্জ","উপজেলা মহিলা বিষয়ক কর্মকর্তা",সিলেট,হবিগঞ্জ,বাহুবল,,,,"বাহুবল, হবিগঞ্জ"
"উপজেলা মহিলা বিষয়ক কর্মকর্তার কার্যালয়,বানিয়াচং, হবিগঞ্জ","উপজেলা মহিলা বিষয়ক কর্মকর্তা",সিলেট,হবিগঞ্জ,বানিয়াচং,,,,"বানিয়াচং, হবিগঞ্জ"
"উপজেলা মহিলা বিষয়ক কর্মকর্তার কার্যালয়,চুনারুঘাট, হবিগঞ্জ","উপজেলা মহিলা বিষয়ক কর্মকর্তা",সিলেট,হবিগঞ্জ,চুনারুঘাট,,,,"চুনারুঘাট, হবিগঞ্জ"
"উপজেলা মহিলা বিষয়ক কর্মকর্তার কার্যালয়,লাখাই, হবিগঞ্জ","উপজেলা মহিলা বিষয়ক কর্মকর্তা",সিলেট,হবিগঞ্জ,লাখাই,,,,"লাখাই, হবিগঞ্জ"
"উপজেলা মহিলা বিষয়ক কর্মকর্তার কার্যালয়,মাধবপুর, হবিগঞ্জ","উপজেলা মহিলা বিষয়ক কর্মকর্তা",সিলেট,হবিগঞ্জ,মাধবপুর,,,,"মাধবপুর, হবিগঞ্জ"
"উপজেলা মহিলা বিষয়ক কর্মকর্তার কার্যালয়,নবীগঞ্জ, হবিগঞ্জ","উপজেলা মহিলা বিষয়ক কর্মকর্তা",সিলেট,হবিগঞ্জ,নবীগঞ্জ,,,,"নবীগঞ্জ, হবিগঞ্জ"
"উপজেলা মহিলা বিষয়ক কর্মকর্তার কার্যালয়,নবীগঞ্জ, হবিগঞ্জ","উপজেলা মহিলা বিষয়ক কর্মকর্তা",সিলেট,হবিগঞ্জ,নবীগঞ্জ,,,,"নবীগঞ্জ, হবিগঞ্জ"
"উপজেলা মহিলা বিষয়ক কর্মকর্তার কার্যালয়,বড়লেখা, মৌলভীবাজার","উপজেলা মহিলা বিষয়ক কর্মকর্তা",সিলেট,মৌলভীবাজার,বড়লেখা,,,,"বড়লেখা, মৌলভীবাজার"
"উপপরিচালকের কার্যালয়",উপপরিচালক,সিলেট,মৌলভীবাজার,বড়লেখা,,,,
"উপজেলা মহিলা বিষয়ক কর্মকর্তার কার্যালয়,জুড়ী, মৌলভীবাজার","উপজেলা মহিলা বিষয়ক কর্মকর্তা",সিলেট,মৌলভীবাজার,জুড়ী,,,,"জুড়ী, মৌলভীবাজার"
"উপজেলা মহিলা বিষয়ক কর্মকর্তার কার্যালয়,কমলগঞ্জ, মৌলভীবাজার","উপজেলা মহিলা বিষয়ক কর্মকর্তা",সিলেট,মৌলভীবাজার,কমলগঞ্জ,,,,"কমলগঞ্জ, মৌলভীবাজার"
"উপজেলা মহিলা বিষয়ক কর্মকর্তার কার্যালয়,কুলাউড়া, মৌলভীবাজার","উপজেলা মহিলা বিষয়ক কর্মকর্তা",সিলেট,মৌলভীবাজার,কুলাউড়া,,,,"কুলাউড়া, মৌলভীবাজার"
"উপজেলা মহিলা বিষয়ক কর্মকর্তার কার্যালয়,রাজনগর, মৌলভীবাজার","উপজেলা মহিলা বিষয়ক কর্মকর্তা",সিলেট,মৌলভীবাজার,রাজনগর,,,,"রাজনগর, মৌলভীবাজার"
"উপজেলা মহিলা বিষয়ক কর্মকর্তার কার্যালয়,শ্রীমঙ্গল, মৌলভীবাজার","উপজেলা মহিলা বিষয়ক কর্মকর্তা",সিলেট,মৌলভীবাজার,শ্রীমঙ্গল,,,,"শ্রীমঙ্গল, মৌলভীবাজার"
"উপপরিচালকের কার্যালয়",উপপরিচালক,সিলেট,সুনামগঞ্জ,আমতলী,,,,
"উপজেলা মহিলা বিষয়ক কর্মকর্তার কার্যালয়,বিশ্বম্ভরপুর, সুনামগঞ্জ","উপজেলা মহিলা বিষয়ক কর্মকর্তা",সিলেট,সুনামগঞ্জ,বিশ্বম্ভরপুর,,,,"বিশ্বম্ভরপুর, সুনামগঞ্জ"
"উপজেলা মহিলা বিষয়ক কর্মকর্তার কার্যালয়,জামালগঞ্জ, সুনামগঞ্জ","উপজেলা মহিলা বিষয়ক কর্মকর্তা",সিলেট,সুনামগঞ্জ,বিশ্বম্ভরপুর,,,,"জামালগঞ্জ, সুনামগঞ্জ"
"উপজেলা মহিলা বিষয়ক কর্মকর্তার কার্যালয়,ছাতক, সুনামগঞ্জ","উপজেলা মহিলা বিষয়ক কর্মকর্তা",সিলেট,সুনামগঞ্জ,ছাতক,,,,"ছাতক, সুনামগঞ্জ"
"উপজেলা মহিলা বিষয়ক কর্মকর্তার কার্যালয়,দক্ষিণ সুরমা, সুনামগঞ্জ","উপজেলা মহিলা বিষয়ক কর্মকর্তা",সিলেট,সুনামগঞ্জ,"দক্ষিন সুনামগঞ্জ",,,,"দক্ষিণ সুরমা, সুনামগঞ্জ"
"উপজেলা মহিলা বিষয়ক কর্মকর্তার কার্যালয়,দক্ষিণ সুনামগঞ্জ","উপজেলা মহিলা বিষয়ক কর্মকর্তা",সিলেট,সুনামগঞ্জ,"দক্ষিন সুনামগঞ্জ",,,,"দক্ষিণ সুনামগঞ্জ"
"উপজেলা মহিলা বিষয়ক কর্মকর্তার কার্যালয়,দিরাই, সুনামগঞ্জ","উপজেলা মহিলা বিষয়ক কর্মকর্তা",সিলেট,সুনামগঞ্জ,দিরাই,,,,"দিরাই, সুনামগঞ্জ"
"উপজেলা মহিলা বিষয়ক কর্মকর্তার কার্যালয়,ধর্মপাশা, সুনামগঞ্জ","উপজেলা মহিলা বিষয়ক কর্মকর্তা",সিলেট,সুনামগঞ্জ,ধর্মপাশা,,,,"ধর্মপাশা, সুনামগঞ্জ"
"উপজেলা মহিলা বিষয়ক কর্মকর্তার কার্যালয়,দোয়ারাবাজার, সুনামগঞ্জ","উপজেলা মহিলা বিষয়ক কর্মকর্তা",সিলেট,সুনামগঞ্জ,দোয়ারাবাজার,,,,"দোয়ারাবাজার, সুনামগঞ্জ"
"উপজেলা মহিলা বিষয়ক কর্মকর্তার কার্যালয়,জগন্নাথপু, সুনামগঞ্জ","উপজেলা মহিলা বিষয়ক কর্মকর্তা",সিলেট,সুনামগঞ্জ,জগন্নাথপুর,,,,"জগন্নাথপু, সুনামগঞ্জ"
"উপজেলা মহিলা বিষয়ক কর্মকর্তার কার্যালয়,শাল্লা, সুনামগঞ্জ","উপজেলা মহিলা বিষয়ক কর্মকর্তা",সিলেট,সুনামগঞ্জ,শুল্লা,,,,"শাল্লা, সুনামগঞ্জ"
"উপজেলা মহিলা বিষয়ক কর্মকর্তার কার্যালয়,তাহেরপুর, সুনামগঞ্জ","উপজেলা মহিলা বিষয়ক কর্মকর্তা",সিলেট,সুনামগঞ্জ,তাহিরপুর,,,,"তাহেরপুর, সুনামগঞ্জ"
"উপপরিচালকের কার্যালয়",উপপরিচালক,সিলেট,সিলেট,আমতলী,,,,
"উপজেলা মহিলা বিষয়ক কর্মকর্তার কার্যালয়,বালাগঞ্জ, সিলেট","উপজেলা মহিলা বিষয়ক কর্মকর্তা",সিলেট,সিলেট,বালাগঞ্জ,,,,"বালাগঞ্জ, সিলেট"
"উপজেলা মহিলা বিষয়ক কর্মকর্তার কার্যালয়,বিয়ানীবাজার, সিলেট","উপজেলা মহিলা বিষয়ক কর্মকর্তা",সিলেট,সিলেট,"বিয়ানী বাজার",,,,"বিয়ানীবাজার, সিলেট"
"উপজেলা মহিলা বিষয়ক কর্মকর্তার কার্যালয়,বিশ্বনাথ, সিলেট","উপজেলা মহিলা বিষয়ক কর্মকর্তা",সিলেট,সিলেট,বিশ্বনাথ,,,,"বিশ্বনাথ, সিলেট"
"উপজেলা মহিলা বিষয়ক কর্মকর্তার কার্যালয়,কোম্পানীগঞ্জ, সিলেট","উপজেলা মহিলা বিষয়ক কর্মকর্তা",সিলেট,সিলেট,কোম্পানীগঞ্জ,,,,"কোম্পানীগঞ্জ, সিলেট"
"উপজেলা মহিলা বিষয়ক কর্মকর্তার কার্যালয়,ফেঞ্চুগঞ্জ, সিলেট","উপজেলা মহিলা বিষয়ক কর্মকর্তা",সিলেট,সিলেট,ফেঞ্চুগঞ্জ,,,,"ফেঞ্চুগঞ্জ, সিলেট"
"উপজেলা মহিলা বিষয়ক কর্মকর্তার কার্যালয়,গোলাপগঞ্জ, সিলেট","উপজেলা মহিলা বিষয়ক কর্মকর্তা",সিলেট,সিলেট,গোলাপগঞ্জ,,,,"গোলাপগঞ্জ, সিলেট"
"উপজেলা মহিলা বিষয়ক কর্মকর্তার কার্যালয়,গোয়াইনঘাট, সিলেট","উপজেলা মহিলা বিষয়ক কর্মকর্তা",সিলেট,সিলেট,গোয়াইনঘাট,,,,"গোয়াইনঘাট, সিলেট"
"উপজেলা মহিলা বিষয়ক কর্মকর্তার কার্যালয়,জৈন্তাপুর, সিলেট","উপজেলা মহিলা বিষয়ক কর্মকর্তা",সিলেট,সিলেট,জৈন্তাপুর,,,,"জৈন্তাপুর, সিলেট"
"উপজেলা মহিলা বিষয়ক কর্মকর্তার কার্যালয়,কানাইঘাট, সিলেট","উপজেলা মহিলা বিষয়ক কর্মকর্তা",সিলেট,সিলেট,কানাইঘাট,,,,"কানাইঘাট, সিলেট"
"উপজেলা মহিলা বিষয়ক কর্মকর্তার কার্যালয়,জকিগঞ্জ, সিলেট","উপজেলা মহিলা বিষয়ক কর্মকর্তা",সিলেট,সিলেট,জকিগঞ্জ,,,,"জকিগঞ্জ, সিলেট"
"উপপরিচালকের কার্যালয়",উপপরিচালক,ময়মনসিংহ,জামালপুর,বকশিগঞ্জ,,,,
"উপজেলা মহিলা বিষয়ক কর্মকর্তার কার্যালয়,বকশিগঞ্জ, জামালপুর","উপজেলা মহিলা বিষয়ক কর্মকর্তা",ময়মনসিংহ,জামালপুর,বকশিগঞ্জ,,,,"বকশিগঞ্জ, জামালপুর"
"উপজেলা মহিলা বিষয়ক কর্মকর্তার কার্যালয়,দেওয়ানগঞ্জ, জামালপুর","উপজেলা মহিলা বিষয়ক কর্মকর্তা",ময়মনসিংহ,জামালপুর,দেওয়ানগঞ্জ,,,,"দেওয়ানগঞ্জ, জামালপুর"
"উপজেলা মহিলা বিষয়ক কর্মকর্তার কার্যালয়,ইসলামপুর, জামালপুর","উপজেলা মহিলা বিষয়ক কর্মকর্তা",ময়মনসিংহ,জামালপুর,ইসলামপুর,,,,"ইসলামপুর, জামালপুর"
"উপজেলা মহিলা বিষয়ক কর্মকর্তার কার্যালয়,মাদারগঞ্জ, জামালপুর","উপজেলা মহিলা বিষয়ক কর্মকর্তা",ময়মনসিংহ,জামালপুর,মাদারগঞ্জ,,,,"মাদারগঞ্জ, জামালপুর"
"উপজেলা মহিলা বিষয়ক কর্মকর্তার কার্যালয়,মেলান্দহ, জামালপুর","উপজেলা মহিলা বিষয়ক কর্মকর্তা",ময়মনসিংহ,জামালপুর,মেলান্দহ,,,,"মেলান্দহ, জামালপুর"
"উপজেলা মহিলা বিষয়ক কর্মকর্তার কার্যালয়,সরিষাবাড়ী, জামালপুর","উপজেলা মহিলা বিষয়ক কর্মকর্তা",ময়মনসিংহ,জামালপুর,সরিষাবাড়ী,,,,"সরিষাবাড়ী, জামালপুর"
"উপপরিচালকের কার্যালয়",উপপরিচালক,ময়মনসিংহ,ময়মনসিংহ,ভালুকা,,,,
"উপজেলা মহিলা বিষয়ক কর্মকর্তার কার্যালয়,ভালুকা, ময়মনসিংহ","উপজেলা মহিলা বিষয়ক কর্মকর্তা",ময়মনসিংহ,ময়মনসিংহ,ভালুকা,,,,"ভালুকা, ময়মনসিংহ"
"উপজেলা মহিলা বিষয়ক কর্মকর্তার কার্যালয়,ধোবাউড়া, ময়মনসিংহ","উপজেলা মহিলা বিষয়ক কর্মকর্তা",ময়মনসিংহ,ময়মনসিংহ,ধোবাউড়া,,,,"ধোবাউড়া, ময়মনসিংহ"
"উপজেলা মহিলা বিষয়ক কর্মকর্তার কার্যালয়,ফুলবাড়ীয়া, ময়মনসিংহ","উপজেলা মহিলা বিষয়ক কর্মকর্তা",ময়মনসিংহ,ময়মনসিংহ,ফুলবাড়ীয়া,,,,"ফুলবাড়ীয়া, ময়মনসিংহ"
"উপজেলা মহিলা বিষয়ক কর্মকর্তার কার্যালয়,গফরগাঁও, ময়মনসিংহ","উপজেলা মহিলা বিষয়ক কর্মকর্তা",ময়মনসিংহ,ময়মনসিংহ,গফরগাঁও,,,,"গফরগাঁও, ময়মনসিংহ"
"উপজেলা মহিলা বিষয়ক কর্মকর্তার কার্যালয়,গৌরীপুর, ময়মনসিংহ","উপজেলা মহিলা বিষয়ক কর্মকর্তা",ময়মনসিংহ,ময়মনসিংহ,গৌরীপুর,,,,"গৌরীপুর, ময়মনসিংহ"
"উপজেলা মহিলা বিষয়ক কর্মকর্তার কার্যালয়,হালুয়াঘাট, ময়মনসিংহ","উপজেলা মহিলা বিষয়ক কর্মকর্তা",ময়মনসিংহ,ময়মনসিংহ,হালুয়াঘাট,,,,"হালুয়াঘাট, ময়মনসিংহ"
"উপজেলা মহিলা বিষয়ক কর্মকর্তার কার্যালয়,ঈশ্বরগঞ্জ, ময়মনসিংহ","উপজেলা মহিলা বিষয়ক কর্মকর্তা",ময়মনসিংহ,ময়মনসিংহ,ঈশ্বরগঞ্জ,,,,"ঈশ্বরগঞ্জ, ময়মনসিংহ"
"উপজেলা মহিলা বিষয়ক কর্মকর্তার কার্যালয়,মুক্তাগাছা, ময়মনসিংহ","উপজেলা মহিলা বিষয়ক কর্মকর্তা",ময়মনসিংহ,ময়মনসিংহ,মুক্তাগাছা,,,,"মুক্তাগাছা, ময়মনসিংহ"
"উপজেলা মহিলা বিষয়ক কর্মকর্তার কার্যালয়,নান্দাইল, ময়মনসিংহ","উপজেলা মহিলা বিষয়ক কর্মকর্তা",ময়মনসিংহ,ময়মনসিংহ,নান্দাইল,,,,"নান্দাইল, ময়মনসিংহ"
"উপজেলা মহিলা বিষয়ক কর্মকর্তার কার্যালয়,ফুলপুর, ময়মনসিংহ","উপজেলা মহিলা বিষয়ক কর্মকর্তা",ময়মনসিংহ,ময়মনসিংহ,ফুলপুর,,,,"ফুলপুর, ময়মনসিংহ"
"উপজেলা মহিলা বিষয়ক কর্মকর্তার কার্যালয়,তারাকান্দা, ময়মনসিংহ","উপজেলা মহিলা বিষয়ক কর্মকর্তা",ময়মনসিংহ,ময়মনসিংহ,শেরপুর,,,,"তারাকান্দা, ময়মনসিংহ"
"উপজেলা মহিলা বিষয়ক কর্মকর্তার কার্যালয়,ত্রিশাল, ময়মনসিংহ","উপজেলা মহিলা বিষয়ক কর্মকর্তা",ময়মনসিংহ,ময়মনসিংহ,ত্রিশাল,,,,"ত্রিশাল, ময়মনসিংহ"
"উপজেলা মহিলা বিষয়ক কর্মকর্তার কার্যালয়,আটপাড়া, নেত্রকোনা","উপজেলা মহিলা বিষয়ক কর্মকর্তা",ময়মনসিংহ,নেত্রকোনা,আটপাড়া,,,,"আটপাড়া, নেত্রকোনা"
"উপপরিচালকের কার্যালয়",উপপরিচালক,ময়মনসিংহ,নেত্রকোনা,আটপাড়া,,,,
"উপজেলা মহিলা বিষয়ক কর্মকর্তার কার্যালয়,বারহাট্টা, নেত্রকোনা","উপজেলা মহিলা বিষয়ক কর্মকর্তা",ময়মনসিংহ,নেত্রকোনা,বারহাট্টা,,,,"বারহাট্টা, নেত্রকোনা"
"উপজেলা মহিলা বিষয়ক কর্মকর্তার কার্যালয়,দূর্গাপুর, নেত্রকোনা","উপজেলা মহিলা বিষয়ক কর্মকর্তা",ময়মনসিংহ,নেত্রকোনা,দূর্গাপুর,,,,"দূর্গাপুর, নেত্রকোনা"
"উপজেলা মহিলা বিষয়ক কর্মকর্তার কার্যালয়,খালিয়াজুরি, নেত্রকোনা","উপজেলা মহিলা বিষয়ক কর্মকর্তা",ময়মনসিংহ,নেত্রকোনা,খলিয়াজুরী,,,,"খালিয়াজুরি, নেত্রকোনা"
"উপজেলা মহিলা বিষয়ক কর্মকর্তার কার্যালয়,কলমাকান্দা, নেত্রকোনা","উপজেলা মহিলা বিষয়ক কর্মকর্তা",ময়মনসিংহ,নেত্রকোনা,কলমাকান্দা,,,,"কলমাকান্দা, নেত্রকোনা"
"উপজেলা মহিলা বিষয়ক কর্মকর্তার কার্যালয়,কেন্দুয়া, নেত্রকোনা","উপজেলা মহিলা বিষয়ক কর্মকর্তা",ময়মনসিংহ,নেত্রকোনা,কেন্দুয়া,,,,"কেন্দুয়া, নেত্রকোনা"
"উপজেলা মহিলা বিষয়ক কর্মকর্তার কার্যালয়,মদন, নেত্রকোনা","উপজেলা মহিলা বিষয়ক কর্মকর্তা",ময়মনসিংহ,নেত্রকোনা,মদন,,,,"মদন, নেত্রকোনা"
"উপজেলা মহিলা বিষয়ক কর্মকর্তার কার্যালয়,মোহনগঞ্জ, নেত্রকোনা","উপজেলা মহিলা বিষয়ক কর্মকর্তা",ময়মনসিংহ,নেত্রকোনা,মোহনগঞ্জ,,,,"মোহনগঞ্জ, নেত্রকোনা"
"উপজেলা মহিলা বিষয়ক কর্মকর্তার কার্যালয়,পূর্বধলা, নেত্রকোনা","উপজেলা মহিলা বিষয়ক কর্মকর্তা",ময়মনসিংহ,নেত্রকোনা,পূর্বধলা,,,,"পূর্বধলা, নেত্রকোনা"
"উপজেলা মহিলা বিষয়ক কর্মকর্তার কার্যালয়,ঝিনাইগাতী, শেরপুর","উপজেলা মহিলা বিষয়ক কর্মকর্তা",ময়মনসিংহ,শেরপুর,ঝিনাইঘাতি,,,,"ঝিনাইগাতী, শেরপুর"
"উপজেলা মহিলা বিষয়ক কর্মকর্তার কার্যালয়,নকলা, শেরপুর","উপজেলা মহিলা বিষয়ক কর্মকর্তা",ময়মনসিংহ,শেরপুর,নকলা,,,,"নকলা, শেরপুর"
"উপজেলা মহিলা বিষয়ক কর্মকর্তার কার্যালয়,নালিতাবাড়ী, শেরপুর","উপজেলা মহিলা বিষয়ক কর্মকর্তা",ময়মনসিংহ,শেরপুর,নালিতাবাড়ী,,,,"নালিতাবাড়ী, শেরপুর"
"উপজেলা মহিলা বিষয়ক কর্মকর্তার কার্যালয়,শ্রীবর্দী, শেরপুর","উপজেলা মহিলা বিষয়ক কর্মকর্তা",ময়মনসিংহ,শেরপুর,শ্রীবর্দি,,,,"শ্রীবর্দী, শেরপুর"
